track_id,genre
82464,Rock
142096,Instrumental
149102,Pop
109449,Folk
130372,Pop
100480,Hip-Hop
73519,Rock
14344,Electronic
97590,Folk
147309,Instrumental
52447,Instrumental
138019,Instrumental
111389,Pop
83440,Folk
138016,Folk
119134,Experimental
45508,Electronic
39484,Experimental
12048,Folk
116528,Instrumental
108505,Rock
139954,Electronic
148131,Instrumental
676,Hip-Hop
57371,Instrumental
19759,Pop
142572,International
90582,Pop
26298,Pop
73100,Experimental
147413,Rock
26465,Folk
110764,Hip-Hop
71249,Hip-Hop
52860,Experimental
69761,Folk
125722,Pop
117628,Folk
97988,Hip-Hop
92955,Instrumental
124470,Rock
32439,Electronic
82628,International
35734,Folk
99371,International
123764,Instrumental
122579,Pop
38830,International
108342,Electronic
16879,Hip-Hop
96696,Folk
67011,Folk
120307,Instrumental
66757,Instrumental
92282,Electronic
44806,Pop
36388,Pop
108302,Folk
59876,Rock
148510,Pop
146689,Hip-Hop
136091,Rock
88876,Folk
74421,Folk
108304,Folk
17588,Electronic
134801,Electronic
64896,Experimental
110267,Hip-Hop
36618,Pop
70657,Hip-Hop
108022,Instrumental
127280,Pop
110983,Rock
125816,Instrumental
144487,Experimental
1687,International
115262,International
36567,Experimental
42146,Experimental
41825,Pop
40654,Instrumental
145754,Electronic
197,Folk
26007,Hip-Hop
110651,Instrumental
115775,Instrumental
16162,Hip-Hop
127062,Folk
37131,Electronic
92874,Experimental
55288,Pop
71371,Rock
40986,Rock
126522,Experimental
149417,Rock
142519,Folk
41191,Folk
25609,International
10374,Experimental
73367,Electronic
42844,Rock
5936,Folk
120318,Instrumental
31041,Electronic
52127,International
98238,Instrumental
133445,Instrumental
128828,Experimental
126189,Instrumental
126216,Instrumental
63472,Rock
62007,Instrumental
133580,Instrumental
24975,Experimental
80005,Folk
105914,Folk
123099,Folk
142092,Hip-Hop
41381,Pop
141569,Hip-Hop
120308,Instrumental
119715,Rock
7378,Experimental
139777,Instrumental
57417,Electronic
73520,Rock
98349,International
129188,Instrumental
148302,Experimental
133024,Electronic
56033,Experimental
106339,Folk
129185,Instrumental
148078,International
145724,Hip-Hop
52451,Instrumental
85426,Pop
33486,Experimental
59687,International
1735,Experimental
87361,Rock
113564,Experimental
99370,International
122620,Rock
139520,Folk
81436,Instrumental
56030,International
36992,Hip-Hop
86487,Instrumental
115852,Experimental
9846,Experimental
19685,Rock
51273,Pop
115288,Instrumental
23505,Electronic
24430,Hip-Hop
38906,Experimental
28482,Pop
81945,Folk
46854,Pop
113698,International
114296,Electronic
113336,Electronic
706,International
7391,Experimental
87069,Electronic
118921,Electronic
60736,Rock
124875,Instrumental
139110,Folk
149124,Hip-Hop
98554,Hip-Hop
133837,International
82250,Experimental
87154,Rock
110108,Electronic
55828,International
27547,Pop
124461,Rock
32340,Pop
81802,Instrumental
111793,Instrumental
126294,Rock
24912,Experimental
127660,Instrumental
122533,Pop
119026,Experimental
56804,Electronic
75785,Rock
125315,Electronic
105119,Rock
3904,Folk
64519,Hip-Hop
75377,Hip-Hop
95915,Hip-Hop
35527,Rock
111149,Instrumental
87965,Folk
4511,International
43023,International
122626,Instrumental
90074,Electronic
114939,International
126224,Experimental
21232,Pop
45150,Electronic
38888,Experimental
113530,Rock
116446,Folk
134444,Instrumental
118276,Experimental
45522,Folk
24983,Experimental
86256,Experimental
142082,Hip-Hop
83913,Experimental
29738,Experimental
28571,Experimental
122107,Experimental
141182,Pop
3910,Folk
85290,Electronic
133023,Electronic
42243,International
139522,Folk
106456,Folk
148609,Pop
19073,Pop
998,Experimental
46058,Experimental
43965,Folk
91933,Folk
126186,Instrumental
60477,Hip-Hop
75429,Instrumental
120324,Instrumental
113274,International
114238,Instrumental
144423,Electronic
123899,Folk
108318,Experimental
127274,Pop
33020,Rock
73087,Pop
74002,Pop
67784,Hip-Hop
3766,Rock
130922,Electronic
110263,Hip-Hop
113267,International
1649,Pop
132961,Hip-Hop
63908,Hip-Hop
4778,Rock
67368,Pop
104625,Experimental
38881,Experimental
35199,Experimental
115293,Instrumental
85954,Pop
17491,Hip-Hop
72562,Folk
144941,Pop
145702,Pop
14653,Rock
49479,Hip-Hop
24363,International
98026,International
6332,International
75786,Rock
108477,Instrumental
148216,Folk
128504,Rock
135223,International
117288,Electronic
86761,Rock
75929,Hip-Hop
86678,Hip-Hop
62189,International
1703,Folk
98626,Hip-Hop
4519,Electronic
108038,Rock
54149,Instrumental
110084,Hip-Hop
5157,Folk
131951,International
107953,International
35534,Rock
11792,Hip-Hop
115765,Rock
31389,Folk
85596,Pop
6606,Hip-Hop
122630,Instrumental
11672,International
131449,Pop
55782,Electronic
38522,Rock
149712,Instrumental
72129,Hip-Hop
64535,Electronic
81868,Electronic
3271,Folk
99373,International
136323,Electronic
99391,International
38435,Rock
93363,Electronic
108301,Folk
43865,Hip-Hop
55285,Pop
111390,Pop
133545,Instrumental
52635,Electronic
55286,Pop
126605,Experimental
55122,Hip-Hop
37538,Experimental
30690,Experimental
97041,Hip-Hop
63252,Folk
91899,Experimental
40842,Electronic
55711,Rock
15880,International
119579,Experimental
112317,Rock
55186,Electronic
56888,Experimental
127194,Folk
26012,Hip-Hop
11771,Hip-Hop
107128,Electronic
131326,Instrumental
84788,Rock
128811,Instrumental
107574,Folk
63805,Hip-Hop
131019,Hip-Hop
91081,Electronic
126505,Experimental
109972,Pop
141285,Instrumental
64863,Experimental
62180,Instrumental
60536,International
119583,Experimental
52452,Instrumental
125721,Pop
125189,Folk
43025,International
70878,Pop
14539,Hip-Hop
29807,Rock
85595,Pop
122353,Folk
95308,Rock
116176,Instrumental
97544,Electronic
141173,Rock
126240,Instrumental
3598,Folk
26466,Folk
38354,International
114042,Hip-Hop
114386,Electronic
69203,Electronic
142381,Instrumental
149103,Pop
74945,Pop
10684,Folk
4838,Rock
85423,Pop
114062,Electronic
114048,Hip-Hop
69791,Experimental
113790,Instrumental
140871,Folk
13666,Rock
94033,Instrumental
24366,International
93918,Instrumental
121658,Instrumental
142359,Hip-Hop
130953,Folk
69197,Electronic
84736,Instrumental
40844,Electronic
123505,Electronic
125778,Rock
126425,Pop
84154,Folk
29271,Pop
118920,Electronic
54031,Pop
24428,Hip-Hop
121257,Rock
71516,Electronic
92124,Pop
73763,International
149776,Experimental
50449,Rock
52649,Electronic
9721,Experimental
4777,Rock
38893,Experimental
114396,Rock
34510,Experimental
40242,Folk
15772,Electronic
64567,Rock
121415,Rock
144939,Pop
108809,Hip-Hop
110630,Experimental
149778,Experimental
136995,International
112001,Instrumental
120319,Instrumental
40245,Folk
42020,International
14735,Rock
132679,Instrumental
58117,Pop
61172,Hip-Hop
125287,Electronic
68601,Hip-Hop
110648,Instrumental
1681,International
73192,Rock
42372,Electronic
87972,Folk
85963,Folk
142532,Folk
45390,Instrumental
58116,Pop
150018,Pop
21860,Rock
88873,Folk
21657,Pop
75314,Pop
107950,International
73797,Folk
29587,Hip-Hop
53589,Folk
128711,Rock
36261,Electronic
17634,International
144801,Instrumental
116759,Instrumental
10535,Experimental
20364,Instrumental
39259,Experimental
123001,Electronic
6379,International
64522,Hip-Hop
11638,Instrumental
55119,Hip-Hop
47826,Experimental
106463,Rock
142079,Electronic
56029,Electronic
131912,Instrumental
43761,Folk
107031,Hip-Hop
63470,Rock
71722,Folk
87430,Rock
119898,Instrumental
130955,Folk
112215,Experimental
91162,Pop
131791,Instrumental
7529,Pop
144810,Experimental
49476,Hip-Hop
120469,Electronic
127356,International
139994,Electronic
144545,Folk
122685,Rock
103600,Electronic
55100,Hip-Hop
10673,Rock
143221,Rock
137054,Electronic
119582,Experimental
4522,Electronic
114405,Rock
47628,Folk
68682,Electronic
120206,Pop
6333,International
39667,Pop
99372,International
92292,Folk
134643,Experimental
130367,Pop
75230,Rock
126586,Instrumental
142574,International
85831,Electronic
54475,International
56493,Hip-Hop
142517,Folk
113016,Pop
145748,Hip-Hop
65265,Experimental
126584,Instrumental
75425,Hip-Hop
27866,Experimental
37911,Instrumental
81586,Instrumental
91791,Folk
56521,Folk
134510,Hip-Hop
45149,Electronic
32337,Pop
98028,International
120332,Instrumental
127296,Pop
24739,International
122911,Rock
124892,Experimental
85592,Pop
129880,International
4786,Rock
7386,Experimental
145760,Electronic
134934,International
52118,International
13735,Hip-Hop
67331,Pop
140934,Electronic
127350,Electronic
108526,Electronic
87323,Pop
152545,Hip-Hop
99364,International
91934,Folk
117945,International
127915,Pop
37141,Instrumental
6802,International
1706,Rock
103808,Hip-Hop
127180,Pop
91164,Pop
110449,International
75371,Hip-Hop
29042,Electronic
51655,Folk
59725,International
113949,Folk
144933,Pop
73172,Folk
64517,Hip-Hop
131327,Instrumental
126404,Pop
113164,Rock
148518,Pop
6788,Rock
135227,International
105413,Electronic
65076,International
64334,Electronic
116878,Electronic
107583,Folk
146726,Hip-Hop
107531,Instrumental
114976,Experimental
83511,Pop
129403,International
53228,Pop
1684,International
142671,Hip-Hop
80793,Electronic
91620,Electronic
144940,Pop
59718,International
26681,Rock
153383,Pop
97847,Electronic
13218,Pop
83790,Rock
69207,Electronic
48494,International
47471,Rock
91796,Folk
46611,Experimental
24747,International
142576,International
28546,Electronic
108423,Electronic
18159,Folk
68541,Experimental
96402,Rock
821,Pop
110450,International
92953,Instrumental
127469,Experimental
17462,Rock
64410,International
60476,Hip-Hop
20667,Electronic
93076,Folk
6383,International
126406,Pop
126223,Experimental
90824,Pop
75937,Hip-Hop
138026,Instrumental
59562,Rock
125238,Experimental
108524,Electronic
135091,Experimental
54662,Electronic
119027,Experimental
1893,Folk
6367,International
66717,Rock
43172,International
64553,Folk
16819,Rock
150267,Instrumental
92949,Instrumental
43016,International
73778,International
6389,International
37784,Experimental
72200,Electronic
119369,Experimental
107596,Folk
24917,Experimental
150268,Instrumental
148212,Folk
97216,Folk
133562,Instrumental
76121,Rock
148441,Electronic
29739,Experimental
44850,Experimental
75612,Instrumental
112196,Experimental
145432,Instrumental
148606,Pop
153946,Folk
120321,Instrumental
83898,Experimental
111335,Rock
10810,Pop
145707,Pop
56499,Hip-Hop
129970,Rock
80836,Electronic
91098,Folk
47076,Electronic
59448,Pop
130130,Electronic
143095,Rock
120462,Electronic
120773,Instrumental
117961,Experimental
3775,International
133451,Instrumental
63257,Folk
43024,International
146147,Hip-Hop
45126,Pop
147126,Instrumental
141568,Hip-Hop
111015,Instrumental
52446,Instrumental
124394,Rock
149142,Instrumental
14319,International
122087,Rock
90570,Pop
128814,Instrumental
96698,Folk
122936,Folk
145646,Electronic
139990,Electronic
1642,Pop
140625,Hip-Hop
6363,International
127182,Pop
132954,Hip-Hop
85310,Pop
148536,Rock
57891,Rock
4073,International
109235,Rock
12532,Pop
134939,International
128469,Instrumental
127663,Instrumental
145608,Rock
133943,Instrumental
108037,Rock
621,Folk
6380,International
3761,Rock
96169,International
71172,Hip-Hop
19729,Hip-Hop
117966,Experimental
45128,Pop
36143,Electronic
130667,Folk
148130,Instrumental
139773,Instrumental
117612,Instrumental
71622,Rock
12064,Folk
148168,Experimental
54032,Pop
87101,Instrumental
64856,Experimental
28375,Experimental
73765,International
138041,Pop
10983,Experimental
146969,Folk
36614,Pop
126607,Experimental
3535,Pop
24717,International
142568,International
53588,Folk
129675,Hip-Hop
19459,International
124971,Experimental
6857,Folk
87642,Electronic
123439,Hip-Hop
58474,Pop
131934,International
34484,Folk
30519,Electronic
43859,Hip-Hop
117944,International
75436,Instrumental
126979,Folk
117287,Electronic
48046,Experimental
75383,Hip-Hop
57661,Rock
67233,Hip-Hop
38365,International
88848,Folk
152568,Instrumental
104780,Pop
123937,Electronic
54470,International
116514,Experimental
67358,Pop
150078,International
93940,Electronic
107388,Rock
122631,Instrumental
91868,Rock
125291,Electronic
131425,Hip-Hop
131452,Pop
140935,Experimental
127273,Pop
42235,International
131952,International
112487,Hip-Hop
81781,Instrumental
67361,Pop
125196,Folk
111230,Instrumental
113035,Hip-Hop
59682,International
116756,Instrumental
4782,Rock
118735,Folk
29043,Electronic
30196,Instrumental
126747,Folk
128815,Instrumental
15542,Experimental
53727,International
138039,Pop
81554,Instrumental
58173,Pop
127066,Folk
109711,Experimental
98669,International
12188,Pop
53159,International
52502,Folk
126550,Experimental
12552,Pop
91306,Hip-Hop
127289,Pop
127155,Experimental
72136,Hip-Hop
43697,International
147409,Rock
50543,Rock
19760,Pop
141894,Rock
141297,Instrumental
109902,Folk
12173,Hip-Hop
99436,Rock
995,Experimental
37920,Electronic
114392,Electronic
130992,Instrumental
4233,International
73772,International
24427,Hip-Hop
87322,Pop
59727,International
51269,Pop
132787,Pop
36984,Hip-Hop
52380,Pop
127297,Pop
40908,Experimental
26011,Hip-Hop
36146,Electronic
10485,Folk
126290,Instrumental
57943,Experimental
52637,Electronic
118734,Electronic
6782,Folk
82631,International
130650,Hip-Hop
1680,International
133573,Instrumental
114385,Electronic
12349,Folk
152543,Hip-Hop
66405,Rock
4017,Folk
137716,Rock
52861,Experimental
87967,Folk
110744,Hip-Hop
76437,Folk
29351,International
89179,Hip-Hop
122084,Rock
105683,Hip-Hop
57180,Pop
123096,Folk
75903,Rock
139461,Rock
134823,Hip-Hop
27177,Electronic
71240,Hip-Hop
7011,Electronic
81365,Experimental
121735,Pop
75439,Instrumental
12348,Folk
38823,International
129040,Instrumental
120327,Instrumental
88868,Folk
45519,Folk
143300,Instrumental
892,Folk
3725,Rock
114061,Electronic
121869,Rock
110611,Experimental
67163,Rock
123645,Hip-Hop
123278,Rock
78998,Hip-Hop
130944,Folk
6373,International
132142,International
104668,Rock
182,Rock
47068,Electronic
131924,Instrumental
108290,Rock
85438,Folk
61012,Folk
137900,Hip-Hop
52647,Electronic
22472,Pop
122808,Pop
126559,Experimental
83613,Instrumental
69223,Electronic
72146,Experimental
104434,Experimental
133446,Instrumental
55124,Hip-Hop
141619,Electronic
25605,International
36304,Hip-Hop
79606,Electronic
126781,Folk
125814,Instrumental
47921,Rock
149687,Hip-Hop
138022,Instrumental
137725,Rock
118195,Experimental
144476,Folk
134930,International
13474,Electronic
58174,Pop
10682,Folk
144182,Hip-Hop
109276,Experimental
33422,International
85957,Pop
126225,Experimental
61736,Pop
78156,Hip-Hop
17499,Hip-Hop
87151,Rock
3721,Rock
72074,Electronic
148217,Folk
147087,Experimental
75755,Hip-Hop
68892,Electronic
21400,Pop
74389,Experimental
115700,Electronic
122081,Rock
93075,Folk
17496,Hip-Hop
131986,Instrumental
66644,Pop
38825,International
138065,Pop
64006,Pop
12691,International
63224,Pop
38967,Experimental
78841,Hip-Hop
40660,Instrumental
109957,Pop
11788,Hip-Hop
1544,Folk
120188,Pop
118670,Folk
74706,Rock
14736,Rock
1891,Rock
110743,Hip-Hop
90527,Instrumental
140576,Rock
59654,International
3896,International
132792,Pop
64523,Hip-Hop
22315,International
62742,Pop
121318,Hip-Hop
108461,Pop
62458,Rock
59676,International
107809,Hip-Hop
21676,Pop
103520,Instrumental
138317,Rock
114410,Rock
125193,Folk
115272,International
136465,Hip-Hop
31999,Rock
113808,Pop
126300,Rock
56472,International
121454,Electronic
108299,Folk
120323,Instrumental
124409,Experimental
32435,Electronic
108774,Hip-Hop
71420,Electronic
121323,Hip-Hop
92206,International
55811,Electronic
118277,Experimental
40659,Instrumental
48489,International
92284,Electronic
65037,Electronic
70772,Hip-Hop
117626,Instrumental
148607,Pop
39378,Experimental
22150,Experimental
29045,Pop
92546,Electronic
108488,Hip-Hop
108961,Rock
73587,Folk
80402,Instrumental
120105,Pop
44342,Experimental
122623,Instrumental
6387,International
63770,Hip-Hop
27552,Pop
52375,Pop
138580,Electronic
145729,Hip-Hop
121453,Electronic
98680,International
4076,International
75782,Rock
58212,Hip-Hop
110649,Instrumental
109976,Pop
69202,Electronic
58063,Experimental
63804,Hip-Hop
39607,Electronic
11673,International
47894,Pop
111393,Pop
109450,Folk
112209,Instrumental
141181,Pop
56470,International
84054,Experimental
130709,Hip-Hop
1482,Electronic
18876,Experimental
20373,Instrumental
110437,Folk
63117,Rock
87103,Instrumental
142360,Hip-Hop
21565,Pop
148214,Folk
73365,Electronic
10383,Folk
133438,Instrumental
148584,Pop
107125,Electronic
142669,Hip-Hop
39662,Pop
19187,Rock
73561,Electronic
131979,Rock
64865,Experimental
56465,International
27455,Experimental
131324,Instrumental
52650,Electronic
116238,Electronic
107049,Pop
113166,Rock
60865,International
127359,International
75372,Hip-Hop
24423,Hip-Hop
53576,Folk
15094,Experimental
119992,Hip-Hop
49843,Folk
11020,Experimental
110634,Rock
144549,Folk
44778,Experimental
137551,Experimental
109144,Experimental
93944,Pop
52638,Electronic
41983,Instrumental
94263,Electronic
70660,Hip-Hop
67707,Experimental
107911,Electronic
30041,Hip-Hop
124484,Pop
55241,International
98622,Hip-Hop
85039,Electronic
8208,Rock
106955,Rock
3534,Pop
13571,Electronic
35550,Pop
73584,Folk
107952,International
121317,Hip-Hop
43599,International
120179,Pop
115923,Folk
67232,Hip-Hop
125551,Rock
50448,Rock
107186,International
112790,Experimental
14063,Electronic
114073,Instrumental
59663,International
6603,Hip-Hop
35569,Electronic
19674,International
43589,International
40147,Experimental
17344,Pop
108422,Electronic
58543,Rock
32021,Rock
130964,Folk
6517,Rock
10696,Hip-Hop
55481,Experimental
997,Experimental
56651,Rock
129398,International
126230,Instrumental
133441,Instrumental
116487,Instrumental
43516,International
75784,Rock
97215,Folk
14733,Rock
126675,Rock
75380,Hip-Hop
6675,Experimental
17644,Experimental
112065,Rock
98580,Hip-Hop
29465,Experimental
26642,Rock
80515,Instrumental
83969,Rock
80774,International
137631,Rock
114533,Instrumental
139003,Instrumental
61161,Hip-Hop
4013,Folk
113809,Pop
24700,International
67007,Pop
108415,Electronic
104357,Folk
95310,Rock
111974,Rock
126428,Pop
137463,Electronic
110772,Hip-Hop
68837,Folk
35008,Experimental
97037,Hip-Hop
52034,Pop
97690,Rock
132567,Instrumental
99437,Rock
1704,Folk
108307,Folk
134448,Electronic
149953,Hip-Hop
2096,Experimental
111934,Hip-Hop
54554,Experimental
111148,Instrumental
56474,International
142358,Hip-Hop
694,Hip-Hop
91468,Pop
24524,Experimental
142511,Rock
11781,Hip-Hop
128759,Electronic
27550,Pop
143061,Electronic
10447,Folk
26902,Electronic
122456,Electronic
77571,Hip-Hop
81071,Experimental
115888,Instrumental
133975,Instrumental
144471,Folk
4521,Electronic
45100,Electronic
109686,Hip-Hop
144934,Pop
117170,Instrumental
84142,Experimental
1732,Experimental
127916,Folk
55295,Pop
107257,International
83719,Hip-Hop
97279,Instrumental
11199,Pop
127265,Folk
124877,Instrumental
99374,International
21707,Folk
79985,Folk
116457,Folk
133973,Instrumental
777,Rock
74372,Experimental
38450,Experimental
69205,Electronic
116235,Electronic
70208,Hip-Hop
122504,Pop
44821,International
130349,Folk
110070,Hip-Hop
45523,Folk
101116,International
87189,Pop
40851,Electronic
138211,Rock
125776,Rock
126789,Folk
132964,Hip-Hop
56460,Pop
128699,Rock
31043,Electronic
51301,Experimental
58221,Rock
9887,Folk
127330,Rock
59664,International
45521,Folk
126242,Instrumental
62003,Instrumental
25216,International
148082,Experimental
119592,Pop
107427,Electronic
95486,Pop
133027,Electronic
137632,Rock
33424,International
81491,Instrumental
129884,International
86116,Pop
6331,International
138416,Folk
100522,Electronic
127806,Electronic
124874,Instrumental
99368,International
136708,Rock
131939,International
75932,Hip-Hop
111367,Pop
59673,International
111375,Pop
145918,Electronic
64858,Experimental
152324,Pop
25227,International
142579,International
126234,Instrumental
91179,International
141876,Instrumental
85307,Pop
1443,Experimental
148187,Folk
119897,Instrumental
88899,Rock
17345,Pop
142534,International
59726,International
54626,Rock
54033,Pop
19673,International
55235,International
38828,International
69196,Electronic
40903,Rock
45391,Instrumental
72790,Hip-Hop
91182,International
124554,Electronic
131439,Pop
123974,Hip-Hop
110104,Electronic
36245,Electronic
38905,Experimental
64331,Electronic
131941,International
131940,International
112975,Instrumental
114201,Rock
118279,Rock
66636,Electronic
85436,Folk
98620,Hip-Hop
114879,International
98302,International
11198,Pop
62196,International
127205,Pop
68894,Electronic
67457,Experimental
6372,International
50272,Pop
101111,International
54438,International
115273,International
139876,Experimental
6608,Hip-Hop
111819,Electronic
28692,Rock
127203,Pop
122399,Rock
124392,Rock
39660,Pop
709,International
52120,International
98237,Instrumental
68852,Folk
106629,Instrumental
91084,Electronic
96935,Rock
66648,Pop
86576,Experimental
666,International
128992,Experimental
126187,Instrumental
1087,Rock
43519,International
114371,Instrumental
84817,Pop
86788,Rock
65038,Electronic
133019,Electronic
135043,Folk
63258,Folk
115767,Instrumental
27548,Pop
124916,Electronic
90591,Pop
87237,Electronic
38827,International
43020,International
130084,Rock
46726,Hip-Hop
16337,Pop
54160,Instrumental
74955,Hip-Hop
77522,Experimental
142530,Folk
104282,Electronic
30316,Experimental
43595,International
75434,Instrumental
112585,Experimental
14542,Hip-Hop
72215,Electronic
70873,Pop
85953,Pop
131914,Instrumental
44794,Experimental
98581,Hip-Hop
20372,Instrumental
69792,Experimental
53726,International
38891,Experimental
127422,Experimental
61668,Hip-Hop
4235,International
125157,Electronic
69781,Rock
116733,Instrumental
112586,Experimental
64592,International
56687,International
44849,Experimental
35296,Electronic
139532,Instrumental
50952,Folk
44949,International
138210,Rock
26653,Electronic
103522,Instrumental
129969,Rock
72149,Experimental
115392,Electronic
82914,Instrumental
84097,Electronic
107025,Hip-Hop
71276,Rock
132568,Instrumental
106954,Rock
11803,Hip-Hop
76071,International
1925,Folk
16095,Pop
19442,Pop
27978,International
75194,Pop
2097,Folk
122805,Pop
56803,Electronic
97845,Electronic
140872,Folk
112468,Hip-Hop
119578,Experimental
90695,Rock
3707,Folk
127279,Pop
67333,Pop
125680,Instrumental
116455,Folk
71173,Hip-Hop
141179,Pop
32338,Pop
56649,Rock
134919,International
130691,Rock
143219,Rock
105918,Folk
116383,Experimental
1069,Experimental
46844,Pop
78038,Experimental
115699,Electronic
112584,Experimental
116407,Hip-Hop
40984,Rock
129096,Rock
116236,Electronic
120769,Instrumental
80341,International
35462,Experimental
50323,Folk
121926,International
42040,Hip-Hop
128500,Folk
91455,Rock
94449,Hip-Hop
114941,International
115922,Folk
46736,Pop
75928,Hip-Hop
98548,Hip-Hop
149370,Hip-Hop
36659,Electronic
108487,Hip-Hop
92886,Experimental
114222,Instrumental
111399,Pop
114880,International
125191,Folk
66390,Electronic
11268,Rock
109481,Rock
95189,Experimental
120183,Pop
68356,Pop
8259,Folk
16880,Hip-Hop
148611,Pop
109681,Hip-Hop
52121,International
115927,Folk
119086,Experimental
105022,Experimental
120468,Electronic
122359,Folk
22091,Hip-Hop
122247,Experimental
95249,Rock
85839,Electronic
6778,Rock
27805,Pop
30198,Experimental
142361,Hip-Hop
24216,Experimental
135373,Rock
55237,International
66180,Folk
8357,Experimental
74384,Experimental
9307,Experimental
114234,Instrumental
40985,Rock
142563,Rock
118384,Rock
27987,International
75373,Hip-Hop
38323,International
91089,Electronic
113934,Pop
127804,Electronic
121450,Electronic
53158,International
144214,Hip-Hop
16822,Rock
118058,Instrumental
52393,Pop
9513,Rock
145058,Experimental
95911,Hip-Hop
117942,International
38912,Experimental
112481,Hip-Hop
44952,International
133551,Instrumental
24742,International
125239,Experimental
132775,Electronic
66534,Rock
37727,Rock
144740,Hip-Hop
143215,Rock
106956,Rock
44799,Experimental
126233,Instrumental
114283,Electronic
125333,Experimental
128885,Instrumental
52630,Electronic
63471,Rock
47192,Experimental
142094,Instrumental
71304,Rock
70768,Hip-Hop
41018,International
145606,Rock
69193,Electronic
85485,Folk
124519,Experimental
46842,Pop
93868,Rock
98585,Hip-Hop
150017,Pop
125159,Electronic
18031,International
49856,Folk
29719,Hip-Hop
52648,Electronic
44820,International
73822,Experimental
13747,Hip-Hop
21228,Hip-Hop
32800,Folk
11237,Experimental
91102,Folk
88428,Pop
116466,Instrumental
145749,Hip-Hop
69822,Hip-Hop
9888,Folk
12508,Folk
150064,Folk
24432,Hip-Hop
138061,Rock
4849,International
64994,Hip-Hop
27612,International
106937,Folk
120304,Instrumental
38859,Experimental
91797,Folk
6680,Experimental
124755,Electronic
110440,Folk
83791,Rock
51998,International
47197,Experimental
81565,Instrumental
35608,Pop
108836,Hip-Hop
60873,International
109203,Rock
38894,Experimental
110779,Hip-Hop
118618,Instrumental
1082,International
43869,Hip-Hop
119896,Instrumental
51291,Pop
116456,Folk
110109,Electronic
11682,International
146687,Hip-Hop
40234,Folk
98300,International
540,Folk
131902,Folk
98627,Hip-Hop
113167,Folk
110086,Hip-Hop
64542,Electronic
27406,Electronic
147086,Experimental
17636,International
122077,Rock
11818,Hip-Hop
139772,Instrumental
138066,Pop
122166,Experimental
3840,Rock
116704,Folk
142089,Hip-Hop
125190,Folk
128880,Experimental
49441,Rock
85598,Pop
63255,Folk
146713,Hip-Hop
57179,Pop
14579,Instrumental
114289,Electronic
24915,Experimental
69747,Pop
56247,Pop
4066,Folk
51271,Pop
126416,Instrumental
132784,Pop
121451,Electronic
42475,Rock
108745,Hip-Hop
118478,Experimental
12062,Folk
4101,International
134956,International
57440,Experimental
43029,International
92535,Folk
126603,Experimental
138069,Pop
106342,Folk
125299,Electronic
130948,Folk
32336,Pop
108865,International
130752,Instrumental
97894,Rock
62748,Pop
94036,Instrumental
140262,Electronic
139537,Instrumental
12350,Folk
144547,Folk
141299,Instrumental
107659,Rock
148066,International
120317,Instrumental
108314,Experimental
58053,Experimental
109904,Folk
153452,Pop
34147,Folk
130988,Instrumental
107955,International
114406,Rock
121929,International
42048,Pop
51112,Experimental
47200,Experimental
127204,Pop
146481,Rock
90828,Pop
60864,International
133432,Instrumental
59446,Pop
69726,Rock
10675,Rock
62533,International
43911,Hip-Hop
33465,Rock
144475,Folk
143299,Instrumental
88960,Rock
50444,Rock
126408,Instrumental
95727,Instrumental
129442,Folk
72605,Folk
9152,Experimental
144477,Folk
73340,Electronic
207,Folk
126748,Folk
76072,International
110684,Experimental
86481,Instrumental
51117,Experimental
20469,Hip-Hop
140621,Hip-Hop
213,Pop
12514,Folk
24424,Hip-Hop
39661,Pop
24899,Experimental
57178,Pop
107127,Electronic
26674,Rock
113305,Rock
12179,Pop
67016,Folk
59708,International
39666,Pop
72210,Electronic
78847,Hip-Hop
114282,Electronic
114245,Electronic
12537,Pop
44092,Electronic
112483,Hip-Hop
19420,Pop
111982,Rock
105411,Electronic
68680,Electronic
4037,Folk
42031,International
143055,Electronic
145777,Instrumental
131985,Instrumental
115474,Instrumental
60042,International
139112,Folk
98666,International
149185,Electronic
146019,Instrumental
113512,Rock
28478,Pop
84264,Electronic
39316,Experimental
98549,Hip-Hop
143058,Electronic
71692,Hip-Hop
133436,Instrumental
100552,Electronic
117173,Instrumental
80686,International
64630,Hip-Hop
44854,Experimental
132117,Hip-Hop
127913,Pop
85486,Folk
88858,Folk
97211,Folk
142091,Hip-Hop
14743,Rock
67330,Pop
1102,Rock
145458,Instrumental
7385,Experimental
114235,Instrumental
51158,Experimental
129043,Instrumental
113023,Pop
69788,Experimental
126276,Instrumental
93522,Electronic
131540,Experimental
104010,Folk
67598,Folk
53156,International
17631,International
133574,Instrumental
145549,Electronic
80520,Instrumental
99389,International
121589,Pop
142538,International
144552,Folk
133781,Folk
120109,Pop
120196,Pop
148303,Experimental
60776,International
48865,Experimental
127867,International
134933,International
3270,Folk
4077,International
133567,Instrumental
93520,Electronic
7374,Experimental
67765,Folk
109903,Folk
123458,Instrumental
81084,Folk
38961,Pop
11767,Hip-Hop
56692,International
115930,Folk
57360,Experimental
5169,Folk
64787,Pop
87187,Pop
71244,Hip-Hop
141166,Hip-Hop
97587,Folk
96718,Rock
26169,Pop
72071,Electronic
123835,Rock
15488,International
148514,Pop
40725,Electronic
21895,Electronic
73467,Pop
86483,Instrumental
104065,Pop
30702,Experimental
11861,Hip-Hop
113271,International
108491,Hip-Hop
34996,Experimental
69764,Folk
123986,Hip-Hop
111153,Instrumental
99395,International
69798,Experimental
3832,Folk
64366,Pop
43695,International
133978,Instrumental
70300,Electronic
129401,International
142132,Folk
60045,International
72069,Electronic
67235,Hip-Hop
99096,Hip-Hop
145741,Hip-Hop
79087,Experimental
108504,Rock
68851,Folk
132310,Instrumental
149488,Rock
141617,Electronic
145711,Pop
49848,Folk
45055,Rock
21998,Pop
87070,Electronic
145189,Instrumental
130370,Pop
139774,Instrumental
137720,Rock
114399,Rock
73124,Electronic
121813,Rock
98227,Electronic
68536,Experimental
51004,International
119993,Hip-Hop
107129,Electronic
152103,International
85836,Electronic
122809,Pop
94038,Instrumental
142516,Folk
68899,Electronic
124483,Pop
120329,Instrumental
19418,Pop
705,International
14584,Instrumental
145002,Folk
42138,Experimental
27975,International
146017,Instrumental
115471,Instrumental
143239,Instrumental
69745,Pop
130133,Electronic
86724,Experimental
22093,Rock
98623,Hip-Hop
122832,Electronic
128799,Experimental
89859,Hip-Hop
125160,Electronic
42240,International
125616,Instrumental
2012,Experimental
6803,International
72468,Hip-Hop
4094,International
107429,Electronic
58170,Pop
123273,Rock
106877,Rock
110923,Folk
11765,Hip-Hop
111658,Rock
51278,Pop
114538,Instrumental
109446,Folk
126243,Instrumental
61493,Rock
122511,Instrumental
32695,Hip-Hop
43696,International
131567,Experimental
118505,Experimental
87099,Instrumental
54621,Rock
54153,Instrumental
51954,Electronic
74370,Experimental
84291,Rock
64862,Experimental
38902,Experimental
42014,International
59720,International
126608,Experimental
63251,Folk
43856,Hip-Hop
149099,Pop
114239,Instrumental
61820,Rock
122644,Instrumental
145258,Rock
138068,Pop
154413,Pop
122686,Rock
143098,Rock
62452,Pop
29180,Pop
131922,Instrumental
94348,Rock
67237,Rock
60755,International
87068,Electronic
120779,Experimental
43796,Folk
95452,Instrumental
96902,Experimental
39488,Folk
152418,International
62190,International
48446,Pop
20361,Instrumental
96901,Experimental
144741,Hip-Hop
66469,Experimental
122934,Folk
31887,International
134077,Folk
54482,International
147268,Hip-Hop
115321,Electronic
94415,Electronic
8363,Experimental
115766,Rock
122683,Rock
110637,Rock
127277,Pop
92554,Electronic
148608,Pop
29480,Folk
129092,Rock
91312,Hip-Hop
36277,International
57936,Experimental
147059,Experimental
36990,Hip-Hop
124485,Pop
55097,Hip-Hop
26025,Hip-Hop
37416,Hip-Hop
4836,Rock
22478,Pop
122503,Pop
108428,Pop
126521,Experimental
114045,Hip-Hop
130454,Hip-Hop
60510,Hip-Hop
107046,Pop
95231,Rock
85427,Pop
141286,Instrumental
121321,Hip-Hop
115932,Folk
73521,Rock
126455,Folk
1720,Rock
110768,Hip-Hop
127866,International
53229,Pop
145555,Folk
18037,International
56275,Pop
120313,Instrumental
94468,Hip-Hop
80753,International
123968,Hip-Hop
24842,International
131385,Experimental
134797,Instrumental
51661,Folk
123761,Instrumental
145462,Electronic
56801,Electronic
49844,Folk
98668,International
32332,Pop
16334,International
85040,Electronic
43623,Folk
149714,Instrumental
54624,Rock
27195,International
127878,Experimental
116873,Folk
138415,Folk
114404,Rock
56517,Folk
123981,Hip-Hop
130689,Rock
145020,Rock
105443,Hip-Hop
108230,Electronic
134979,Folk
113165,Rock
57939,Experimental
6611,Hip-Hop
58135,Folk
140794,Folk
43518,International
11763,Hip-Hop
62185,International
90589,Pop
56805,Electronic
10388,Folk
62186,International
44793,Experimental
122083,Rock
93712,Folk
143989,Rock
66782,Pop
38899,Experimental
63043,Rock
114064,Electronic
142087,Hip-Hop
126900,Electronic
99274,Experimental
38326,International
71507,Electronic
48044,Experimental
94465,Hip-Hop
6519,Rock
80001,Folk
117159,Instrumental
140924,Electronic
114275,Hip-Hop
63065,Electronic
91130,Experimental
66641,Pop
52044,Pop
42914,Pop
53160,International
146716,Hip-Hop
21672,Pop
117883,Rock
6358,International
75376,Hip-Hop
11059,Folk
58539,Rock
72787,Hip-Hop
46839,Pop
46711,Experimental
36526,Rock
24720,International
69827,Hip-Hop
109468,Rock
126226,Experimental
25104,Pop
144454,Instrumental
143217,Rock
127190,Folk
29744,Experimental
51120,Pop
6394,International
53157,International
51272,Pop
73565,Electronic
14663,Pop
71709,Pop
131773,Pop
42119,Experimental
56639,Hip-Hop
130991,Instrumental
73792,Pop
71719,Rock
130931,Instrumental
138040,Pop
130168,Hip-Hop
84057,Experimental
138256,Experimental
122628,Instrumental
120778,Instrumental
93956,Rock
62436,Pop
38321,International
143295,Instrumental
27798,Electronic
124992,Rock
111147,Instrumental
5,Hip-Hop
131936,International
103800,Hip-Hop
3720,Rock
98576,Hip-Hop
89639,Electronic
91228,Folk
127036,Instrumental
107810,Pop
17611,International
122354,Folk
52129,International
67500,Experimental
117669,International
44804,Experimental
49846,Folk
14684,Folk
132788,Pop
121665,Instrumental
66394,Rock
40235,Folk
69567,Folk
6776,Rock
38910,Experimental
120112,Pop
67556,Rock
148288,Pop
141561,Hip-Hop
114198,Rock
118957,Experimental
61592,Pop
75933,Hip-Hop
91788,Folk
40656,Instrumental
129924,International
4232,International
121312,Hip-Hop
137484,Experimental
130956,Folk
20376,Instrumental
74391,Experimental
13711,Electronic
140874,Folk
119187,Pop
11262,Electronic
89704,Rock
113359,Folk
142641,Instrumental
82157,Instrumental
139638,Experimental
118070,Electronic
131925,Instrumental
111391,Pop
48465,Electronic
69985,Electronic
133479,Rock
136404,Rock
87188,Pop
38884,Experimental
97844,Electronic
26302,Folk
125187,Folk
94039,Instrumental
13199,Hip-Hop
148430,International
60317,Experimental
122627,Instrumental
114532,Instrumental
119940,Hip-Hop
68838,Folk
128472,Instrumental
110629,Experimental
115816,Electronic
128482,Pop
141375,Hip-Hop
424,Experimental
124872,Instrumental
26014,Hip-Hop
144473,Folk
99393,International
148587,Pop
120161,Experimental
143046,Electronic
138064,Pop
96728,Folk
123821,Rock
9559,Rock
84135,Experimental
128709,Rock
55120,Hip-Hop
22481,Pop
96944,Pop
108155,Rock
3920,Folk
38908,Experimental
133731,Rock
67336,Pop
111401,Pop
146018,Instrumental
53807,Rock
11785,Hip-Hop
117629,Folk
79978,Experimental
110756,Hip-Hop
116119,Experimental
130170,Hip-Hop
145887,Instrumental
125194,Folk
127722,Folk
9512,International
91183,International
89857,Hip-Hop
63045,Rock
66058,Folk
120177,Folk
1075,Experimental
129098,Rock
72289,Rock
40239,Folk
82231,Experimental
123614,Hip-Hop
6368,International
45520,Folk
66482,Experimental
14386,Hip-Hop
145041,Electronic
129407,International
110230,Experimental
130137,Electronic
110261,Hip-Hop
149626,Hip-Hop
85691,Folk
142085,Hip-Hop
47661,Folk
150288,Hip-Hop
126241,Instrumental
122803,Pop
28484,Pop
145607,Rock
42141,Experimental
146020,Instrumental
126218,Instrumental
125659,Instrumental
80755,International
112668,Experimental
12394,Hip-Hop
134950,International
98577,Hip-Hop
104724,Experimental
57078,Pop
121273,Experimental
3913,Folk
70302,Electronic
1661,Pop
74382,Experimental
107567,Folk
58333,Rock
85822,Electronic
145758,Electronic
114047,Hip-Hop
64005,Pop
144171,Hip-Hop
145653,Pop
122357,Folk
127519,Instrumental
38826,International
122132,Experimental
90592,Pop
12521,Rock
20050,Rock
141567,Hip-Hop
111186,Folk
6607,Hip-Hop
99345,Rock
14317,International
75869,Folk
149138,Hip-Hop
51113,Experimental
574,Rock
108418,Electronic
112198,Experimental
107101,Rock
38312,Experimental
42234,International
110110,Electronic
118955,Instrumental
90529,Instrumental
145743,Hip-Hop
138062,Pop
125817,Instrumental
38882,Experimental
68407,Experimental
72134,Hip-Hop
110647,Instrumental
140584,International
97424,Electronic
62525,International
52500,Folk
139491,Instrumental
119584,Pop
108303,Folk
120326,Instrumental
45941,Experimental
137426,Rock
58060,Experimental
38822,International
52128,International
127331,Instrumental
3912,Folk
98555,Hip-Hop
87362,Rock
114272,Hip-Hop
145241,Rock
131410,Experimental
69793,Experimental
111229,Instrumental
87190,Pop
56471,International
114236,Instrumental
148210,Folk
120770,Instrumental
55292,Pop
14809,Folk
144938,Pop
91085,Electronic
12059,Folk
126602,Experimental
14318,International
122499,Pop
118671,Folk
75430,Instrumental
114943,International
73306,Rock
72789,Hip-Hop
51785,Electronic
114539,Instrumental
47073,Electronic
122999,Electronic
119571,Rock
106522,Experimental
108297,Rock
38886,Experimental
143308,Instrumental
116242,Electronic
53863,Electronic
118672,Folk
96403,Rock
114416,Rock
3724,Rock
146681,Hip-Hop
42139,Experimental
87107,Instrumental
81782,Instrumental
94803,Electronic
121591,Pop
118886,Folk
110208,Experimental
127294,Pop
53728,International
98584,Hip-Hop
110610,Experimental
133444,Instrumental
84095,Electronic
10669,Rock
54479,International
48999,Rock
122632,Instrumental
125185,Folk
109687,Hip-Hop
107956,International
48444,Pop
110171,Folk
135054,Experimental
38784,International
119580,Experimental
44792,Experimental
21842,Electronic
122645,Instrumental
130927,Instrumental
127207,Instrumental
69766,Folk
130693,Rock
57968,Rock
38878,Electronic
55294,Pop
119922,Rock
12654,Pop
93519,Electronic
145027,Rock
94101,Rock
82410,Experimental
144946,Pop
108527,Electronic
113277,International
126016,Instrumental
145645,Electronic
10186,International
126717,Instrumental
111216,Experimental
109901,Folk
113030,Hip-Hop
123461,Instrumental
89376,Experimental
17884,Electronic
73766,International
61453,Hip-Hop
123867,Rock
133274,Rock
116876,Folk
144937,Pop
46841,Pop
114534,Instrumental
58140,Folk
96693,Folk
127184,Pop
110654,Instrumental
126516,Experimental
133579,Instrumental
81600,Instrumental
123147,Hip-Hop
63191,Rock
91869,Rock
133772,Rock
139776,Instrumental
126018,Instrumental
108529,Electronic
19758,Pop
108298,Rock
107389,Rock
54376,Hip-Hop
53675,Experimental
108020,Instrumental
57272,Experimental
109900,Folk
96731,Folk
3908,Folk
108476,Instrumental
12065,Folk
92873,Experimental
62194,International
137172,Instrumental
69555,Hip-Hop
139769,Rock
122473,Pop
146070,Experimental
111222,Instrumental
122360,Folk
127620,Pop
138217,Hip-Hop
141074,Instrumental
13378,Pop
133452,Instrumental
79610,Hip-Hop
41147,Electronic
59657,International
73760,International
78516,Hip-Hop
7481,Hip-Hop
99440,Rock
29355,International
10458,Folk
131950,International
38777,International
82932,Instrumental
149082,Pop
126220,Instrumental
64992,Hip-Hop
110105,Electronic
97848,Electronic
111392,Pop
40658,Instrumental
94102,Rock
69824,Hip-Hop
44169,Experimental
87105,Instrumental
114558,Electronic
108528,Electronic
42245,International
114200,Rock
122932,Folk
55832,International
6381,International
112526,Rock
131933,International
14742,Rock
66650,Pop
129393,Pop
141590,International
141903,Pop
131953,International
112587,Experimental
90625,Folk
116883,Folk
141264,Experimental
44780,Experimental
126407,Pop
91793,Folk
90027,Experimental
129875,International
59683,International
19889,International
86441,Rock
74386,Experimental
116706,Folk
53725,International
14365,Hip-Hop
9511,Rock
114401,Rock
120302,Instrumental
33221,Electronic
17500,Hip-Hop
29961,Hip-Hop
133433,Instrumental
122168,Experimental
128888,Instrumental
51333,Folk
52040,Pop
105919,Folk
52124,International
142528,Folk
109905,Folk
78839,Hip-Hop
26008,Hip-Hop
80766,International
10699,Hip-Hop
64840,Pop
144942,Pop
60041,International
112314,Rock
146968,Folk
150080,International
75908,Rock
37041,Experimental
116451,Folk
133459,Instrumental
96167,International
119938,Hip-Hop
149118,Hip-Hop
74302,Experimental
121664,Instrumental
29740,Experimental
100544,Electronic
78851,Hip-Hop
145550,Folk
126743,Folk
116390,Hip-Hop
37417,Hip-Hop
86417,Rock
134084,Folk
96695,Folk
54150,Instrumental
43027,International
65755,Pop
145476,Instrumental
6366,International
119745,Experimental
15773,Electronic
113021,Pop
128441,Hip-Hop
33064,Electronic
6406,Folk
95908,Hip-Hop
87100,Instrumental
75438,Instrumental
49401,Experimental
68355,Pop
58542,Rock
133100,Instrumental
4100,International
109684,Hip-Hop
113268,International
127206,Pop
3833,Rock
135340,Pop
47193,Experimental
35537,Rock
125298,Electronic
141167,Hip-Hop
85309,Pop
129372,Pop
11784,Hip-Hop
129807,Hip-Hop
96898,Experimental
148133,Instrumental
148602,Folk
148444,Electronic
93917,Instrumental
130136,Electronic
52037,Pop
131980,Instrumental
122395,Rock
129048,Pop
83789,Rock
45154,Electronic
71513,Electronic
113558,Experimental
17637,International
113032,Hip-Hop
90982,Hip-Hop
132139,International
108812,Hip-Hop
63755,Hip-Hop
80517,Instrumental
82242,Experimental
120320,Instrumental
18887,Rock
25232,International
150079,International
132449,Folk
91349,Pop
94422,Folk
43030,International
136275,Rock
151404,Electronic
4074,International
29128,Pop
51919,Folk
73819,Experimental
137417,Rock
55149,Electronic
115472,Instrumental
125158,Electronic
59078,Rock
109896,Folk
63900,Hip-Hop
84198,Electronic
115772,Instrumental
54034,Pop
19184,Rock
85833,Electronic
133967,Instrumental
12387,Pop
117970,Experimental
108883,Instrumental
133022,Electronic
26658,Electronic
115475,Instrumental
4685,Hip-Hop
152262,International
12352,Folk
108496,Hip-Hop
92366,Electronic
118987,Experimental
52628,Electronic
125777,Rock
122625,Instrumental
148537,Rock
69564,Hip-Hop
43173,International
55715,Rock
104068,Pop
136276,Instrumental
144551,Folk
133273,Rock
130758,Folk
33460,Rock
60537,International
91319,Hip-Hop
51203,Experimental
14741,Rock
112769,Electronic
11795,Hip-Hop
115773,Instrumental
66690,Electronic
59681,International
85828,Electronic
98579,Hip-Hop
21231,Pop
142566,International
116758,Instrumental
32525,Pop
63733,Hip-Hop
75435,Instrumental
51999,International
81638,Instrumental
42915,Pop
129187,Instrumental
116447,Folk
88861,Folk
70426,Pop
36966,Pop
146153,Hip-Hop
122082,Rock
87159,Electronic
78843,Hip-Hop
105716,Folk
118087,Experimental
120330,Instrumental
33446,Folk
57937,Experimental
99362,International
88485,Experimental
40509,Experimental
65752,Hip-Hop
11777,Hip-Hop
73370,Electronic
108969,Rock
14738,Rock
64252,Experimental
122066,Rock
56523,Electronic
80835,Electronic
141562,Hip-Hop
4080,International
142418,Rock
143319,Rock
85832,Electronic
109357,Rock
51261,Pop
56691,International
62526,International
46161,Experimental
45392,Instrumental
148603,Folk
73762,International
60145,International
4072,International
137423,Rock
10541,Experimental
116454,Folk
69222,Electronic
46160,Electronic
20704,Pop
138311,Rock
87644,Electronic
16745,International
144466,Folk
95535,Rock
25668,International
10521,Experimental
69828,Hip-Hop
12060,Folk
84111,Hip-Hop
106567,Rock
107852,Folk
67600,Folk
84136,Experimental
52508,Folk
54433,International
76076,International
60170,Folk
38362,Folk
36643,Pop
95309,Rock
132122,Pop
62527,International
71175,Hip-Hop
10807,Pop
45516,Folk
72073,Electronic
125313,International
94037,Instrumental
148517,Pop
92868,Rock
55121,Hip-Hop
111872,Instrumental
45934,Experimental
146970,Folk
134509,Hip-Hop
134449,Instrumental
113031,Hip-Hop
106951,Rock
63626,Experimental
96738,International
76079,International
55233,International
51305,Experimental
31165,International
108841,Hip-Hop
119895,Instrumental
114373,Instrumental
123486,Instrumental
2,Hip-Hop
153955,Pop
126102,Pop
3708,Folk
109445,Folk
68891,Electronic
69201,Electronic
1193,Folk
120208,Pop
71506,Electronic
122080,Rock
96400,Rock
45127,Pop
136707,Rock
123970,Hip-Hop
45151,Electronic
55809,Electronic
124175,Instrumental
72130,Hip-Hop
137167,Instrumental
128845,Experimental
117161,Instrumental
39664,Pop
66075,Electronic
108878,Instrumental
154414,Pop
51275,Pop
4098,International
27945,Experimental
95724,Instrumental
24512,Experimental
119193,Pop
108839,Hip-Hop
132781,Pop
98025,Rock
114231,Instrumental
47506,Folk
134922,International
132420,Electronic
61010,Folk
716,Folk
112490,Electronic
129919,Hip-Hop
71228,Hip-Hop
129997,Rock
40237,Folk
60872,International
64008,Pop
62751,Pop
36999,International
71822,Electronic
130016,Rock
68353,Pop
131923,Instrumental
9477,Experimental
74362,Electronic
64626,Hip-Hop
148124,Instrumental
52389,Pop
36371,Pop
63291,Instrumental
22000,Pop
55287,Pop
129399,Rock
98618,Hip-Hop
124201,Rock
107804,Electronic
32687,Hip-Hop
74378,Experimental
114265,Hip-Hop
107535,Instrumental
91187,International
150287,Hip-Hop
42761,Rock
109068,Experimental
49062,Experimental
48488,International
152261,International
71885,Experimental
73371,Electronic
81612,Instrumental
71242,Hip-Hop
114070,Instrumental
58166,Pop
15487,International
135341,Pop
64248,Experimental
55572,Hip-Hop
105450,Hip-Hop
106570,Rock
43028,International
148070,International
13591,Hip-Hop
91960,International
122261,Experimental
148235,Folk
10698,Hip-Hop
14358,Hip-Hop
105722,Experimental
43593,International
48368,Rock
124913,Electronic
111221,Instrumental
88860,Folk
144587,Pop
123938,Electronic
42018,Electronic
115722,Electronic
110774,Hip-Hop
68896,Electronic
98681,International
8261,Folk
122647,Instrumental
59667,International
145762,Instrumental
128878,Experimental
99261,Electronic
14577,Instrumental
127623,Pop
145703,Pop
142086,Hip-Hop
90587,Pop
69194,Electronic
9476,Experimental
68551,Experimental
43765,International
32433,Electronic
64035,Rock
127191,Folk
29526,Electronic
67366,Pop
107577,Folk
9962,Rock
141304,Hip-Hop
73318,Rock
108012,Folk
29813,Rock
91161,Pop
23039,Pop
137998,Rock
25804,International
78852,Hip-Hop
79986,Folk
129887,International
7548,Experimental
12490,Folk
49845,Folk
63287,Instrumental
133681,Instrumental
10676,Rock
7526,Pop
71243,Hip-Hop
117614,Instrumental
200,Folk
24217,Experimental
35539,Rock
132436,Experimental
64625,Hip-Hop
123762,Instrumental
122079,Rock
54437,International
3779,International
143039,Experimental
122001,Experimental
42442,Rock
131794,Instrumental
91471,Pop
109356,Rock
108421,Electronic
26600,Experimental
18044,International
72046,Folk
125813,Instrumental
50447,Rock
10480,Folk
121590,Pop
120316,Instrumental
70424,Pop
120201,Pop
67363,Pop
116099,Instrumental
125188,Folk
43521,International
142948,Rock
122800,Pop
117886,Rock
91092,Rock
27164,Pop
69170,Electronic
72059,Folk
87194,Pop
135044,Folk
43588,International
30520,Electronic
695,Hip-Hop
86720,Experimental
141874,Electronic
64893,Experimental
78850,Hip-Hop
12692,International
65683,Folk
84423,Experimental
25601,International
54365,Hip-Hop
142553,Pop
141284,Instrumental
44951,International
73585,Folk
128473,Instrumental
114412,Rock
94099,Rock
1277,Experimental
118738,Folk
71884,Experimental
141168,Hip-Hop
4078,International
72047,Folk
4091,International
86793,Electronic
97407,Experimental
25802,International
60777,International
129097,Rock
97374,Experimental
62001,Hip-Hop
71694,Hip-Hop
38890,Experimental
11674,International
14568,Instrumental
147261,Hip-Hop
101868,Experimental
83612,Instrumental
110448,International
73566,Folk
11789,Hip-Hop
124517,Experimental
22001,Pop
145477,Instrumental
98235,Instrumental
133561,Instrumental
127276,Pop
104227,Rock
38783,International
49073,Experimental
132790,Pop
11862,Hip-Hop
121313,Hip-Hop
141877,Rock
73775,International
52633,Electronic
57271,Experimental
134447,Electronic
118972,Experimental
46078,Hip-Hop
29528,Electronic
141283,Instrumental
4069,Folk
97986,Hip-Hop
109448,Folk
114936,International
56689,International
140922,Electronic
138063,Pop
113034,Hip-Hop
11780,Hip-Hop
32339,Pop
139687,Experimental
132171,Rock
75844,Folk
116760,Instrumental
68683,Electronic
136994,International
211,Folk
120515,Instrumental
1195,Folk
116068,Electronic
142088,Hip-Hop
33459,Rock
897,Experimental
39188,Experimental
68543,Experimental
85693,Folk
53301,International
3763,Rock
132019,Experimental
40231,Folk
142551,Pop
120297,Instrumental
111460,Experimental
43861,Hip-Hop
130952,Folk
44347,Experimental
58341,Electronic
11782,Hip-Hop
114413,Rock
137500,Experimental
13562,Electronic
118499,Experimental
140316,Experimental
19707,Folk
126520,Experimental
88879,Folk
255,Rock
141296,Instrumental
110451,International
32438,Electronic
14737,Rock
131938,International
100745,Electronic
132914,Rock
6783,Folk
126431,Pop
140939,Experimental
146961,Folk
12174,Hip-Hop
46162,Experimental
55710,Rock
78848,Hip-Hop
126716,Instrumental
111747,Rock
85788,Rock
121913,International
4508,International
126414,Instrumental
93915,Instrumental
89991,Experimental
40141,Rock
71511,Electronic
125827,Instrumental
50956,Instrumental
147020,Hip-Hop
125815,Instrumental
6385,International
121594,Pop
56466,International
116452,Folk
60472,Hip-Hop
133431,Instrumental
47658,Electronic
145260,Rock
98838,Electronic
29742,Experimental
56559,Rock
26174,Pop
149523,Rock
112768,Electronic
43587,International
31889,International
69200,Electronic
82462,Rock
104276,Electronic
105144,Rock
73573,Folk
62191,International
133729,Rock
128477,Pop
126668,Rock
143296,Instrumental
55101,Hip-Hop
133276,Rock
72927,Experimental
73564,Electronic
145551,Folk
75975,Experimental
9557,Rock
29741,Experimental
15476,Experimental
139771,Instrumental
62450,Pop
129683,Folk
112821,Experimental
117667,International
135372,Rock
140135,Electronic
48015,Rock
134454,Instrumental
107589,Folk
113264,International
111398,Pop
85491,Folk
67793,Hip-Hop
36983,Hip-Hop
16895,Pop
72783,Hip-Hop
66536,Rock
56498,Hip-Hop
3624,Rock
123763,Instrumental
111187,Folk
120775,Instrumental
83718,Hip-Hop
26026,Hip-Hop
113025,Pop
50446,Rock
62195,International
1689,International
106465,Rock
138306,Rock
74347,Experimental
75375,Hip-Hop
99369,International
121867,Rock
108967,Rock
114400,Rock
24431,Hip-Hop
145556,Folk
52125,International
119939,Hip-Hop
84141,Experimental
30095,Experimental
72565,Folk
152570,Instrumental
110265,Hip-Hop
139123,Rock
27804,Folk
111188,Folk
141592,International
27802,Pop
97960,Electronic
5268,Hip-Hop
145756,Electronic
131553,Rock
64536,Electronic
108838,Hip-Hop
28480,Pop
145730,Hip-Hop
56895,Pop
72288,Rock
55183,Electronic
133026,Electronic
88892,Folk
51991,International
620,Folk
131795,Instrumental
88429,Pop
41605,Experimental
59679,International
115850,Experimental
124177,Instrumental
107954,International
47194,Experimental
125004,Rock
25235,International
46717,Experimental
37368,Pop
121322,Hip-Hop
96697,Folk
128494,Hip-Hop
90652,Rock
66637,Electronic
66783,Pop
135220,International
127662,Instrumental
124555,Electronic
141288,Instrumental
667,International
57629,Experimental
132962,Hip-Hop
72612,Folk
128668,Hip-Hop
97589,Folk
134929,International
64515,Hip-Hop
111994,Instrumental
73466,Pop
98203,Electronic
52035,Pop
42377,Electronic
62163,Pop
26904,Electronic
133793,Folk
133435,Instrumental
111220,Instrumental
85834,Electronic
21774,Experimental
20375,Instrumental
105412,Electronic
122654,Instrumental
120325,Instrumental
77952,Electronic
40244,Folk
92952,Instrumental
28608,Pop
144173,Hip-Hop
147295,Folk
109962,Pop
26021,Hip-Hop
13804,Hip-Hop
36988,Hip-Hop
37423,Hip-Hop
109480,Folk
117169,Instrumental
126720,Instrumental
138319,Rock
45119,Pop
79975,Experimental
117887,Rock
128827,Experimental
24698,International
108474,Instrumental
107021,Hip-Hop
11679,International
60478,Hip-Hop
41573,Instrumental
131476,Instrumental
107027,Hip-Hop
91087,Electronic
113311,Rock
96408,Rock
83512,Pop
120200,Pop
86117,Pop
46157,Electronic
3492,Rock
119379,Experimental
144943,Pop
127498,Instrumental
75396,Hip-Hop
127495,Instrumental
1924,Folk
131624,Experimental
97940,Electronic
71693,Hip-Hop
11920,Hip-Hop
42046,Hip-Hop
116877,Electronic
132778,Pop
122901,International
135370,Rock
13578,Experimental
110111,Electronic
52045,Pop
149842,Experimental
129186,Instrumental
52122,International
112211,Instrumental
113024,Pop
68909,Rock
129056,Pop
19891,International
110650,Instrumental
16747,International
7527,Pop
96694,Folk
57822,Hip-Hop
43063,Experimental
81895,Experimental
26905,Electronic
33415,International
116448,Folk
150265,Instrumental
135375,Rock
30487,Pop
108023,Instrumental
98619,Hip-Hop
9678,Experimental
64538,Electronic
64919,Rock
108060,Experimental
144542,Folk
141901,Pop
30895,Electronic
72477,Electronic
135339,Pop
36322,Folk
80035,Rock
89473,Hip-Hop
75787,Rock
118498,Experimental
99441,Rock
99438,Rock
113574,Rock
64789,Pop
35544,Pop
41310,Folk
134034,Rock
104279,Electronic
64861,Experimental
132773,Electronic
126188,Instrumental
59454,Pop
12189,Electronic
42044,Rock
27673,Electronic
14585,Instrumental
145704,Pop
47707,Experimental
58070,Experimental
116872,Folk
105713,Folk
114074,Instrumental
85791,Rock
93518,Electronic
93919,Instrumental
75754,Hip-Hop
75441,Instrumental
29039,Electronic
104062,Rock
82920,Instrumental
71690,Hip-Hop
148586,Pop
87971,Folk
141300,Instrumental
107532,Instrumental
134580,Instrumental
56686,International
134931,International
87185,Pop
127358,International
126718,Instrumental
148429,International
124425,Folk
71714,Rock
94632,Pop
116526,Instrumental
122959,Experimental
123647,Hip-Hop
114050,Hip-Hop
123440,Hip-Hop
148290,Pop
89484,Folk
112785,Experimental
34511,Pop
54481,International
41709,Experimental
129696,Folk
119893,Instrumental
117846,Experimental
6354,International
73372,Electronic
90278,Experimental
33124,Electronic
120315,Instrumental
57176,Folk
75374,Hip-Hop
133802,Folk
121734,Pop
107851,Folk
149078,Pop
143218,Rock
129620,Experimental
121251,Rock
43608,Experimental
110274,Experimental
127281,Pop
107597,Folk
129190,Instrumental
100536,Electronic
148190,Folk
14589,Instrumental
91458,Rock
69826,Hip-Hop
11306,Rock
12482,Folk
92556,Electronic
64091,Experimental
133439,Instrumental
73123,Electronic
132774,Electronic
148605,Folk
51114,Experimental
3573,Electronic
117632,Folk
129808,Hip-Hop
108492,Hip-Hop
117253,Instrumental
48043,Experimental
129927,International
55807,Electronic
47896,Pop
119979,Hip-Hop
148246,Rock
43520,International
52579,Hip-Hop
73777,International
40250,Instrumental
124474,Pop
85817,Rock
54576,International
125182,Folk
148032,Hip-Hop
69823,Hip-Hop
120777,Instrumental
54037,Pop
73468,Pop
36986,Hip-Hop
63253,Folk
7388,Experimental
120776,Instrumental
63250,Folk
64988,Hip-Hop
123973,Hip-Hop
12531,Hip-Hop
87106,Instrumental
55242,International
148233,Folk
75391,Hip-Hop
22295,Hip-Hop
75883,Folk
47074,Electronic
44809,Pop
26605,Experimental
4022,Rock
45102,Electronic
95910,Hip-Hop
138320,Rock
137173,Instrumental
38911,Experimental
108498,Hip-Hop
40525,Hip-Hop
91937,Folk
60874,International
87161,Electronic
87363,Rock
62591,International
91624,Electronic
47659,Electronic
152258,International
72056,Folk
106562,Rock
10993,Folk
144492,Experimental
138071,Pop
6854,Folk
105664,Electronic
121736,Pop
123978,Hip-Hop
152254,International
1701,Folk
108015,Folk
18043,International
48450,Pop
57569,Rock
114274,Hip-Hop
99095,Hip-Hop
74376,Experimental
109349,Rock
117160,Instrumental
144172,Hip-Hop
210,Folk
123468,Instrumental
4510,International
116101,Instrumental
49407,Experimental
75419,Hip-Hop
97980,Hip-Hop
55719,Rock
88870,Folk
140620,Hip-Hop
9505,Experimental
24418,Hip-Hop
30050,Hip-Hop
126402,Pop
133016,Electronic
81037,Folk
133029,Electronic
68539,Experimental
67558,Rock
54580,International
97692,Hip-Hop
42376,Electronic
124181,Instrumental
19416,Pop
127268,Pop
114040,Hip-Hop
93921,Instrumental
13538,International
44355,Experimental
58052,Experimental
139688,Experimental
149143,Instrumental
127266,Folk
3263,Folk
82930,Instrumental
132456,Folk
85420,Pop
56929,Rock
36333,Folk
124873,Instrumental
112316,Rock
114374,Instrumental
68587,Electronic
13708,Electronic
80695,International
122155,Experimental
36799,Experimental
127541,Experimental
120504,Instrumental
88875,Folk
114069,Instrumental
1417,Rock
129049,Pop
137899,Hip-Hop
123933,Electronic
115002,Instrumental
100972,Electronic
111871,Instrumental
13749,Hip-Hop
93710,Folk
113303,Rock
144469,Folk
62005,Instrumental
145431,Instrumental
129920,Hip-Hop
72131,Hip-Hop
48442,Electronic
74669,Rock
111873,Instrumental
39359,Rock
54235,Pop
92508,Rock
39665,Pop
117252,Instrumental
97568,Hip-Hop
14320,International
43535,International
111377,Pop
126589,Instrumental
40241,Folk
4079,International
90579,Pop
91897,Experimental
10575,Folk
89474,Electronic
138216,Hip-Hop
129816,International
108017,Instrumental
64859,Experimental
149623,Hip-Hop
19708,Folk
26651,Electronic
715,Folk
45125,Pop
36258,Electronic
145257,Rock
60756,International
91958,Folk
149141,Instrumental
86040,Instrumental
126667,Rock
130989,Instrumental
60534,International
119257,Rock
144468,Folk
37119,Instrumental
24421,Hip-Hop
113334,Electronic
123972,Hip-Hop
127271,Pop
12061,Folk
86037,Instrumental
133976,Instrumental
85482,Folk
135228,International
21677,Pop
58169,Pop
85343,Electronic
136094,Rock
118496,Experimental
15541,Experimental
108305,Folk
137722,Rock
71241,Hip-Hop
75862,Folk
40845,Electronic
92888,Experimental
123441,Hip-Hop
190,Folk
68531,Hip-Hop
14740,Rock
11773,Hip-Hop
29745,Experimental
64627,Hip-Hop
116029,Electronic
116177,Instrumental
39663,Pop
14690,Experimental
73761,International
56690,International
63149,Experimental
21997,Pop
38557,Rock
72072,Electronic
110688,Electronic
106343,Folk
148075,International
55231,International
123935,Electronic
14604,International
33049,Folk
61742,Pop
125614,Instrumental
145059,Experimental
110107,Electronic
110546,Rock
68592,Hip-Hop
87324,Pop
11933,Rock
33461,Rock
121662,Instrumental
108027,Instrumental
10375,Experimental
86623,Folk
148289,Pop
139637,Experimental
114044,Hip-Hop
116736,Instrumental
111379,Pop
38880,Experimental
76659,Electronic
52644,Electronic
84605,Pop
108970,Rock
71255,Hip-Hop
100478,Hip-Hop
118222,Experimental
56645,Rock
138023,Instrumental
142575,International
4788,Rock
33538,Rock
79605,Electronic
147780,Electronic
148285,Pop
14739,Rock
127208,Instrumental
36615,Pop
11786,Hip-Hop
113935,Pop
18197,Rock
85838,Electronic
86259,Experimental
10,Pop
48367,Rock
52645,Electronic
1278,Experimental
21404,Pop
57639,Folk
112583,Experimental
118951,Instrumental
7554,Experimental
133332,Experimental
49394,Experimental
115771,Instrumental
126014,Instrumental
107250,International
142577,International
126506,Experimental
73550,Hip-Hop
75390,Hip-Hop
16820,Rock
55236,International
12109,International
132677,Instrumental
88959,Rock
138218,Hip-Hop
65090,Experimental
134940,International
126231,Instrumental
111224,Instrumental
125622,Instrumental
123494,Folk
112318,Rock
90526,Instrumental
73368,Electronic
88863,Folk
131900,Folk
123342,Experimental
122201,Experimental
14602,International
150062,Folk
75415,Hip-Hop
38361,Folk
85428,Pop
114266,Hip-Hop
154309,Hip-Hop
56010,Experimental
148031,Hip-Hop
70655,Hip-Hop
4682,Hip-Hop
68854,Folk
86562,Rock
133576,Instrumental
125823,Instrumental
140263,Electronic
26656,Electronic
116707,Folk
120306,Instrumental
25028,International
143097,Rock
149100,Pop
23353,Electronic
97987,Hip-Hop
70875,Pop
38776,International
142570,International
47663,Folk
132134,Electronic
98670,International
28266,Rock
71515,Electronic
142362,Hip-Hop
82507,Folk
137170,Instrumental
113260,International
121657,Instrumental
33071,International
1702,Folk
15210,Hip-Hop
27194,International
131901,Folk
129404,International
141593,International
130692,Rock
84144,Experimental
36987,Hip-Hop
104066,Pop
92562,Electronic
129968,Rock
130932,Instrumental
38782,International
67010,Pop
71715,Rock
40180,Experimental
141289,Instrumental
126354,Pop
54152,Instrumental
144170,Hip-Hop
59930,Experimental
138213,Hip-Hop
52641,Electronic
72785,Hip-Hop
112066,Rock
61006,Folk
147024,Hip-Hop
103521,Instrumental
125377,Pop
40229,Folk
114242,Electronic
7489,Hip-Hop
4848,International
48440,Electronic
54469,International
96399,Rock
42851,Rock
50752,Rock
125312,International
97542,Electronic
24898,Experimental
115935,Folk
120310,Instrumental
58334,Rock
132141,International
108016,Folk
126883,Instrumental
139933,Electronic
89816,Electronic
132042,Folk
16743,International
83960,Experimental
123503,Electronic
38351,International
14588,Instrumental
43768,International
64520,Hip-Hop
40182,Experimental
144216,Hip-Hop
97406,Experimental
41095,Rock
137462,Electronic
115289,Instrumental
44236,Hip-Hop
118739,Folk
99041,Electronic
14538,Hip-Hop
4099,International
131942,International
86082,Experimental
125618,Instrumental
11671,International
35545,Pop
144809,Experimental
74908,Rock
110085,Hip-Hop
83717,Hip-Hop
133571,Instrumental
11779,Hip-Hop
73495,Instrumental
44948,International
61452,Hip-Hop
83439,Folk
17906,Pop
97794,Experimental
1644,Pop
6463,Folk
132454,Folk
84483,Electronic
26022,Hip-Hop
56640,Hip-Hop
130711,Hip-Hop
126588,Instrumental
129918,Hip-Hop
85950,Pop
59823,Experimental
64591,International
115925,Folk
42017,International
74375,Experimental
118923,Electronic
88878,Folk
118500,Experimental
117884,Rock
74954,Hip-Hop
111388,Pop
134941,International
11505,Folk
12053,Folk
107588,Folk
73335,Electronic
10382,Folk
46846,Pop
9155,Experimental
25066,Electronic
154308,Hip-Hop
121474,Instrumental
148773,Electronic
138414,Folk
75936,Hip-Hop
113696,International
107476,Rock
3264,Folk
116468,Instrumental
73821,Experimental
148120,Instrumental
135221,International
117473,Pop
137561,Experimental
52036,Pop
41568,Pop
38399,Folk
25029,International
66649,Pop
7712,Folk
132045,Folk
92283,Electronic
76074,International
113697,International
113970,Electronic
3880,Folk
145074,Experimental
64990,Hip-Hop
129883,International
74387,Experimental
127559,Rock
117609,Instrumental
142668,Hip-Hop
145752,Electronic
126510,Experimental
127278,Pop
75926,Hip-Hop
106274,Rock
47032,Rock
101873,Experimental
45514,Folk
19441,Pop
105720,Experimental
87639,Electronic
38779,International
106566,Rock
11334,Experimental
108503,Rock
130933,Instrumental
136054,Rock
97962,Electronic
13930,Folk
10444,Folk
13220,Pop
142128,Rock
56520,Folk
71230,Hip-Hop
134937,International
11922,Hip-Hop
18877,Experimental
91622,Electronic
111387,Pop
23372,Electronic
27454,Experimental
45517,Folk
95912,Hip-Hop
34994,Experimental
91851,Rock
99411,Rock
125825,Instrumental
40940,Rock
134949,International
99442,Rock
122475,Pop
131984,Instrumental
108842,Hip-Hop
108489,Hip-Hop
24369,International
131451,Pop
87431,Rock
107426,Electronic
44779,Experimental
116388,Hip-Hop
55436,Pop
56800,Electronic
111372,Pop
41020,International
139936,Electronic
118950,Instrumental
11839,Hip-Hop
51268,Pop
116870,Instrumental
130920,Electronic
7381,Experimental
118958,Experimental
88900,Rock
46525,Instrumental
113027,Pop
82505,Folk
65234,Experimental
42966,Experimental
52409,Electronic
75745,Hip-Hop
144543,Folk
23063,Experimental
109535,Electronic
126673,Rock
107249,International
94026,Rock
106948,Rock
130683,Rock
120194,Pop
4835,Rock
87193,Pop
49477,Pop
97588,Folk
24422,Hip-Hop
89860,Hip-Hop
52950,Folk
116517,Experimental
10435,Experimental
32001,Rock
68354,Pop
96759,Rock
116587,Experimental
108490,Hip-Hop
62449,Pop
148516,Pop
96168,International
36147,Electronic
107251,International
704,International
80694,International
133440,Instrumental
75417,Hip-Hop
60533,International
137719,Rock
54039,Pop
23355,Electronic
121739,Pop
42463,Folk
145464,Electronic
146727,Hip-Hop
126403,Pop
140564,Electronic
127187,Pop
113026,Pop
116833,Rock
82921,Instrumental
126357,Pop
126283,Instrumental
71503,Electronic
113702,Experimental
105145,Rock
88871,Folk
120178,Folk
38898,Experimental
47070,Electronic
24701,International
59675,International
68895,Electronic
31042,Electronic
72050,Folk
55240,International
29602,Hip-Hop
18144,Pop
109670,Hip-Hop
625,Folk
46158,Electronic
131918,Instrumental
7393,Experimental
35182,Pop
92565,Experimental
75607,Instrumental
93364,Electronic
28479,Pop
78849,Hip-Hop
152425,International
80693,International
6370,International
42019,Electronic
134942,International
4070,International
106952,Rock
52119,International
73341,Electronic
154306,Hip-Hop
115473,Instrumental
10443,Folk
92889,Experimental
120771,Instrumental
95250,Rock
54064,Folk
60775,International
131166,Rock
100802,Rock
127870,International
137214,Rock
75403,Hip-Hop
6382,International
38778,International
30486,Pop
127865,International
120772,Instrumental
86140,Experimental
108018,Instrumental
49068,Experimental
131657,Rock
7490,Hip-Hop
128471,Instrumental
124391,Rock
139536,Instrumental
121987,Experimental
51784,Electronic
32689,Hip-Hop
68842,Folk
107951,International
93523,Electronic
10678,Folk
67412,Rock
84091,Electronic
147815,Electronic
13191,Pop
52642,Electronic
11775,Hip-Hop
54154,Instrumental
93981,International
111306,Rock
4785,Rock
24367,International
98613,Hip-Hop
129915,Hip-Hop
95725,Instrumental
36099,Electronic
144474,Folk
64860,Experimental
91088,Electronic
35198,Experimental
1663,Pop
111937,Hip-Hop
133437,Instrumental
24425,Hip-Hop
126426,Pop
125161,Electronic
10674,Rock
110206,Experimental
131767,Pop
139485,Instrumental
115339,Electronic
49067,Experimental
145757,Electronic
98557,Hip-Hop
150063,Folk
116882,Electronic
11793,Hip-Hop
71711,Rock
126429,Pop
32333,Pop
128443,Hip-Hop
133538,Instrumental
59656,International
14363,Hip-Hop
54625,Rock
124154,Experimental
144212,Hip-Hop
109189,Instrumental
141566,Hip-Hop
110172,Folk
91443,Folk
55808,Electronic
100976,Electronic
115948,Folk
107913,Electronic
129922,International
43899,Hip-Hop
126289,Instrumental
138413,Folk
117631,Folk
113263,International
114295,Electronic
86081,Experimental
36998,Electronic
68549,Experimental
75431,Instrumental
71252,Hip-Hop
26639,Rock
60144,International
105408,Electronic
1683,International
145457,Instrumental
91205,Rock
107594,Folk
22095,Electronic
71245,Hip-Hop
118196,Experimental
108457,Pop
10671,Rock
124460,Rock
71937,Rock
127869,International
148076,International
42751,Pop
57665,International
4450,Folk
120303,Instrumental
110777,Hip-Hop
121288,Experimental
54578,International
133553,Instrumental
119575,Experimental
107184,International
76130,Pop
116464,Experimental
144544,Folk
24901,Experimental
119828,Instrumental
130945,Folk
110982,Rock
109071,Experimental
81194,Electronic
129402,International
114536,Instrumental
43766,International
131917,Instrumental
80772,International
35204,Experimental
1083,Experimental
127287,Pop
149951,Hip-Hop
26655,Electronic
70773,Hip-Hop
27610,International
107178,International
123641,Hip-Hop
59706,International
19422,Pop
153956,Pop
14744,Rock
70813,Rock
129889,International
145183,Instrumental
131454,Pop
126417,Instrumental
75443,Instrumental
24515,Experimental
64594,Experimental
120470,Electronic
126944,Rock
81650,Instrumental
94638,Pop
131935,International
97283,Instrumental
13328,Pop
87097,Instrumental
43773,Pop
193,Folk
16995,Rock
133638,Folk
118062,Instrumental
108968,Rock
58164,Pop
72290,Rock
10389,Folk
35541,Rock
69198,Electronic
14208,Electronic
129914,Hip-Hop
67470,Electronic
145780,Rock
54436,International
33067,International
108884,Instrumental
132448,Electronic
42135,Experimental
76069,International
148,Experimental
136469,Hip-Hop
112588,Experimental
114293,Electronic
114938,International
117666,International
139329,Experimental
18038,International
128484,Pop
9550,Rock
64601,Experimental
88864,Folk
26301,Experimental
63999,Pop
55402,Rock
61175,Hip-Hop
108494,Hip-Hop
90804,Experimental
108473,Instrumental
76363,Instrumental
44782,Experimental
72607,Folk
123504,Electronic
125195,Folk
84417,Experimental
123977,Hip-Hop
256,Rock
134445,Instrumental
89196,Hip-Hop
142670,Hip-Hop
132041,Folk
134359,Electronic
113281,International
73366,Electronic
105824,Hip-Hop
12530,Pop
146725,Hip-Hop
69727,Rock
74546,Folk
53723,International
28548,Electronic
98617,Hip-Hop
72064,Rock
145745,Hip-Hop
124754,Electronic
29720,Hip-Hop
50754,Rock
26652,Electronic
25608,International
129396,International
11242,Experimental
74373,Experimental
27198,International
16997,Rock
93941,Electronic
123484,Instrumental
149101,Pop
56552,Rock
61589,Pop
36275,International
55232,International
65619,Rock
11261,Pop
43019,International
42984,Experimental
113022,Pop
139937,Electronic
76073,International
65488,Electronic
43536,International
47868,Folk
108471,Instrumental
80697,International
153337,Hip-Hop
64991,Hip-Hop
148121,Instrumental
108500,Hip-Hop
5521,Experimental
147886,Hip-Hop
109537,Electronic
19412,Pop
130368,Pop
44796,Experimental
81033,Folk
7373,Experimental
68820,Rock
53586,Folk
130134,Electronic
22296,Hip-Hop
98551,Hip-Hop
127542,Experimental
84195,Electronic
122085,Rock
113788,Instrumental
130347,Folk
54465,International
130710,Hip-Hop
56518,Folk
122633,Instrumental
5156,Folk
107432,Electronic
36145,Electronic
89445,Hip-Hop
116116,Experimental
114291,Electronic
129624,Experimental
133780,Folk
114036,Hip-Hop
110417,Rock
137213,Rock
40683,Electronic
128619,Instrumental
135365,Rock
1270,Rock
67360,Pop
132793,Pop
83437,Folk
148215,Folk
39298,Rock
28260,Rock
56034,Electronic
127936,Electronic
36097,Electronic
37113,Instrumental
98297,Rock
122646,Instrumental
137717,Rock
143303,Instrumental
71096,Electronic
27797,Pop
129886,International
71509,Electronic
92951,Instrumental
120322,Instrumental
130682,Rock
38887,Experimental
23862,Electronic
130963,Folk
133835,International
24365,International
59702,International
116874,Folk
122362,Folk
114297,Electronic
121256,Rock
105141,Rock
121652,Instrumental
129444,Folk
22477,Pop
72058,Folk
126180,Instrumental
59707,International
118503,Experimental
89482,Folk
52636,Electronic
22475,Pop
84200,Electronic
138318,Rock
62165,Pop
113946,Folk
39291,Electronic
100958,Hip-Hop
19074,Pop
11764,Hip-Hop
54703,Folk
42789,Rock
43863,Hip-Hop
690,Rock
134824,Hip-Hop
76131,Pop
82915,Instrumental
121930,International
4784,Rock
72232,Electronic
78834,Hip-Hop
129094,Rock
38901,Experimental
122356,Folk
47069,Electronic
85347,Electronic
124876,Instrumental
62596,International
33216,Electronic
129089,Rock
94035,Instrumental
137176,Instrumental
35299,Electronic
127910,Pop
136137,Folk
4067,Folk
23014,Folk
7528,Pop
57626,Experimental
116243,Electronic
108962,Rock
83715,Hip-Hop
116345,Electronic
17632,International
132424,Experimental
99392,International
127192,Folk
105712,Folk
134981,Folk
127871,International
64590,International
133564,Instrumental
64989,Hip-Hop
28483,Pop
23156,International
14583,Instrumental
124184,Rock
56796,Electronic
129405,International
87643,Electronic
4093,International
64659,Rock
30521,Electronic
129962,Rock
109355,Rock
71721,Rock
69554,Hip-Hop
81803,Instrumental
124482,Pop
112781,Experimental
92950,Instrumental
119063,Experimental
52126,International
126017,Instrumental
1510,Experimental
122190,Rock
77517,Experimental
62749,Pop
137211,Rock
109191,Instrumental
127267,Folk
66643,Pop
137171,Instrumental
144548,Folk
14572,Instrumental
147023,Hip-Hop
110735,Hip-Hop
6440,Hip-Hop
98667,International
75389,Hip-Hop
92466,Electronic
97961,Electronic
114389,Electronic
87158,Electronic
82890,Experimental
126884,Instrumental
69784,Experimental
145709,Pop
32081,Rock
51267,Pop
48493,International
127996,Instrumental
27953,International
108059,Experimental
73776,International
145747,Hip-Hop
132434,Experimental
80687,International
43534,International
85317,Electronic
134610,Hip-Hop
129395,International
38785,International
114384,Electronic
41971,Instrumental
122673,Instrumental
68540,Experimental
72067,Electronic
107189,International
69762,Folk
62164,Pop
48808,Folk
89847,Hip-Hop
56497,Hip-Hop
114237,Instrumental
121346,Experimental
38363,Folk
142552,Pop
131436,Pop
42025,International
129923,International
130950,Folk
27456,Experimental
107616,Electronic
63290,Instrumental
133450,Instrumental
62528,International
145004,Folk
140583,Folk
148211,Folk
110776,Hip-Hop
58115,Pop
109971,Pop
133639,Folk
84202,Electronic
40843,Electronic
91083,Electronic
148132,Instrumental
51157,Experimental
67597,Folk
107179,International
112529,Rock
113265,International
75433,Instrumental
125723,Pop
79741,Pop
36144,Electronic
11770,Hip-Hop
108306,Folk
90583,Pop
133015,Electronic
57648,Folk
53724,International
115697,Electronic
36428,Electronic
130986,Experimental
36435,Electronic
95506,Rock
48862,Experimental
105142,Rock
14569,Instrumental
71372,Rock
124231,Experimental
148287,Pop
1686,International
139043,Pop
122935,Folk
132140,International
141875,Electronic
66535,Rock
14869,Electronic
115591,Experimental
19423,Pop
128882,Experimental
122675,Instrumental
103519,Instrumental
148443,Electronic
82881,Experimental
113969,Instrumental
39318,Experimental
14661,Folk
142402,Rock
149777,Experimental
53862,Electronic
67367,Pop
81623,Instrumental
141164,Hip-Hop
146483,Rock
15769,Electronic
20366,Instrumental
117946,International
127298,Pop
71620,Rock
137419,Rock
149775,Experimental
124918,Electronic
53587,Folk
13929,Folk
116241,Electronic
49812,Rock
56795,Electronic
14581,Instrumental
127299,Pop
38914,Experimental
123976,Hip-Hop
69744,Pop
101112,International
66689,Electronic
46079,Experimental
89841,Hip-Hop
121315,Hip-Hop
128813,Instrumental
4787,Rock
62184,International
108459,Pop
64407,International
133546,Instrumental
47071,Electronic
80389,Instrumental
17633,International
131426,Hip-Hop
64841,Pop
91329,Rock
13537,International
108024,Instrumental
71133,Folk
62750,Pop
144424,Electronic
71514,Electronic
106563,Rock
48453,Pop
110167,Rock
34257,Experimental
113273,International
12986,Folk
116880,Electronic
113360,Folk
125337,Experimental
107910,Electronic
129375,Pop
131837,Instrumental
6330,International
105825,Hip-Hop
116879,Electronic
55123,Hip-Hop
12489,Folk
8345,Experimental
54062,Folk
86762,Rock
106564,Rock
43598,International
46720,Experimental
7383,Experimental
115391,Electronic
120111,Pop
106457,Folk
113261,International
79575,Rock
118223,Experimental
14316,International
36965,Pop
1259,Experimental
127210,Instrumental
86795,Rock
100975,Electronic
121654,Instrumental
69904,Hip-Hop
73551,Hip-Hop
114414,Rock
109975,Pop
135226,International
132791,Pop
45513,Folk
48931,Experimental
105920,Folk
84486,Electronic
121915,International
69208,Electronic
108501,Hip-Hop
72513,Rock
53381,Hip-Hop
66539,Rock
129374,Pop
120300,Instrumental
120189,Pop
108799,Hip-Hop
30056,Hip-Hop
142529,Folk
17573,Experimental
146683,Hip-Hop
38780,International
139681,Experimental
127520,Instrumental
3537,Pop
55810,Electronic
98077,Rock
121655,Instrumental
97393,Electronic
3533,Pop
1682,International
74371,Experimental
115470,Instrumental
97697,Hip-Hop
853,International
109447,Folk
89192,Hip-Hop
126746,Folk
11503,Folk
113513,Rock
84139,Experimental
92131,Pop
152480,Instrumental
1196,Folk
30682,Experimental
142672,Hip-Hop
46928,Pop
129091,Rock
74381,Experimental
822,Pop
9553,Rock
12488,Folk
6360,International
122143,Experimental
11206,Electronic
115764,Rock
38896,Experimental
89350,Folk
126886,Instrumental
28072,Rock
36380,Electronic
66073,Electronic
36273,International
85291,Electronic
89817,Electronic
132453,Folk
52042,Pop
114403,Rock
100497,Electronic
91186,International
49473,Pop
107029,Hip-Hop
70005,Experimental
46732,Pop
62532,International
40909,Experimental
133836,International
133448,Instrumental
75378,Hip-Hop
143216,Rock
134952,International
122003,Experimental
110775,Hip-Hop
3272,Folk
29673,Electronic
44917,Rock
105715,Folk
7713,Folk
74393,Experimental
59688,International
69002,Experimental
42236,International
60857,International
127357,International
17782,Hip-Hop
85600,Pop
91157,Pop
93704,Folk
67365,Pop
136706,Rock
133272,Rock
67362,Pop
127300,Pop
85692,Folk
70301,Electronic
131904,Folk
61008,Folk
149422,Experimental
111933,Electronic
133560,Instrumental
42375,Electronic
48861,Experimental
124891,Experimental
110653,Instrumental
39904,Experimental
145708,Pop
127484,Experimental
57938,Experimental
63159,Experimental
43517,International
87160,Electronic
44354,Experimental
120309,Instrumental
126790,Folk
39530,Pop
140623,Hip-Hop
6679,Experimental
69785,Experimental
53592,Pop
129088,Rock
40133,Rock
98031,International
16158,Pop
126104,Pop
121366,Experimental
112133,Experimental
111579,Experimental
42238,International
124176,Instrumental
134936,International
71508,Electronic
26765,Pop
97540,Electronic
126321,Instrumental
113259,International
74383,Experimental
105714,Folk
124753,Electronic
85425,Pop
29255,Pop
57630,Experimental
45393,Instrumental
48463,Electronic
133803,Folk
98301,International
38895,Experimental
69765,Folk
57500,Rock
131422,Hip-Hop
126217,Instrumental
75310,Pop
60548,International
96678,Hip-Hop
70403,Rock
64628,Hip-Hop
8372,Experimental
91082,Electronic
132589,Experimental
75935,Hip-Hop
111386,Pop
108495,Hip-Hop
138351,Rock
143186,Experimental
54468,International
57628,Experimental
74390,Experimental
44853,Experimental
135368,Rock
123438,Hip-Hop
57691,International
47865,Folk
60871,International
108906,Instrumental
107591,Folk
60549,International
107569,Folk
47201,Experimental
56248,Pop
125002,Rock
28179,Electronic
10697,Hip-Hop
125818,Instrumental
141292,Instrumental
47202,Experimental
80696,International
73342,Electronic
7492,Hip-Hop
49070,Experimental
114041,Hip-Hop
120513,Instrumental
81946,Folk
6357,International
108532,Electronic
18350,Folk
11916,Hip-Hop
42911,Pop
48456,Pop
3265,Folk
142571,International
5381,Folk
22097,Pop
39658,Pop
54476,International
32331,Pop
64855,Experimental
85041,Electronic
136322,Electronic
46718,Experimental
69947,Rock
97691,Hip-Hop
75763,Electronic
131292,Rock
85424,Pop
111368,Pop
4068,Folk
602,Folk
45101,Electronic
25670,International
97285,Instrumental
113275,International
98251,Rock
139524,Folk
24371,International
64895,Experimental
26654,Electronic
145042,Electronic
127303,Pop
69746,Pop
69789,Experimental
118674,Folk
130456,Hip-Hop
69563,Hip-Hop
75427,Hip-Hop
27197,International
38817,International
73774,International
121570,Rock
5191,Pop
86262,Rock
12046,Folk
130954,Folk
98583,Hip-Hop
11774,Hip-Hop
115125,Experimental
75752,Hip-Hop
115268,International
12376,Pop
107598,Folk
133788,Folk
534,Folk
51479,Experimental
72287,Rock
3921,Folk
59373,Rock
85419,Pop
122498,Pop
10992,Folk
105887,Folk
126773,Electronic
126427,Pop
125156,Electronic
26638,Rock
148613,Pop
10679,Folk
81792,Instrumental
92947,Instrumental
148074,International
89447,Hip-Hop
127181,Pop
42659,Folk
23329,Experimental
137935,Rock
95251,Rock
122621,Instrumental
126411,Instrumental
30230,Hip-Hop
113972,Electronic
107188,International
42129,Experimental
114049,Hip-Hop
99375,International
11675,International
22088,Hip-Hop
105912,Rock
13362,Pop
129095,Rock
97043,Hip-Hop
110771,Hip-Hop
112767,Electronic
134053,Electronic
108843,Hip-Hop
49849,Folk
44795,Experimental
148305,Experimental
86077,Experimental
129054,Pop
135028,Folk
69221,Electronic
109973,Pop
143305,Instrumental
31807,Folk
87108,Instrumental
26659,Electronic
44801,Experimental
44851,Experimental
68840,Folk
142573,International
24218,Experimental
59669,International
91625,Electronic
111146,Instrumental
114076,Instrumental
58225,Rock
85594,Pop
24368,International
11681,International
126362,Pop
67364,Pop
52629,Electronic
1666,Pop
107248,International
141180,Pop
57697,International
120467,Electronic
129055,Pop
81999,Instrumental
47660,Electronic
128710,Rock
142565,International
890,Folk
140266,Experimental
61587,Pop
119988,Hip-Hop
28274,Rock
38904,Experimental
17132,Folk
123333,Experimental
14601,International
113279,International
118085,Experimental
141291,Instrumental
73560,Electronic
110384,Folk
37730,Rock
139804,Experimental
106872,Rock
56694,International
63874,Hip-Hop
131796,Instrumental
38965,Experimental
52041,Pop
84485,Electronic
113276,International
62592,International
22094,Hip-Hop
40240,Folk
134918,International
147269,Hip-Hop
113701,International
26859,Electronic
90617,Instrumental
96675,Hip-Hop
142098,Instrumental
84009,Folk
55709,Rock
63292,Instrumental
20424,Experimental
120328,Instrumental
106876,Rock
146482,Rock
1197,Folk
6461,Folk
139330,Experimental
38966,Experimental
129400,International
122472,Rock
6396,International
137151,Electronic
75381,Hip-Hop
117450,Rock
6459,International
97989,Hip-Hop
127159,Electronic
123509,Pop
14745,Rock
11239,Experimental
55716,Rock
120514,Instrumental
55830,International
140043,Rock
87102,Instrumental
128825,Experimental
73658,Folk
32756,Folk
133916,Experimental
707,International
135219,International
131020,Hip-Hop
86415,Hip-Hop
62586,Rock
129184,Instrumental
18124,Experimental
122910,Experimental
149083,Pop
126400,Pop
143057,Electronic
10377,Experimental
48815,Folk
148208,Folk
108319,Experimental
125824,Instrumental
21402,Pop
122624,Instrumental
135336,Pop
105685,Hip-Hop
54063,Folk
144550,Folk
42126,Experimental
135092,Experimental
87157,Electronic
52001,International
81193,Electronic
64857,Experimental
13561,Hip-Hop
133971,Instrumental
7377,Experimental
56469,International
121985,Experimental
140344,Electronic
126318,Instrumental
70002,Experimental
98655,International
148532,Folk
119991,Hip-Hop
55900,Hip-Hop
54335,Electronic
105414,Electronic
64993,Hip-Hop
87186,Pop
138282,Rock
89456,Hip-Hop
112780,Experimental
56036,Electronic
57177,Folk
45389,Instrumental
136467,Hip-Hop
131323,Instrumental
54942,Rock
49817,Rock
149140,Instrumental
114290,Electronic
126227,Experimental
52862,Experimental
144936,Pop
99361,International
64537,Electronic
97846,Electronic
84768,Instrumental
37111,Instrumental
59710,International
120099,Pop
96699,Folk
87121,Rock
132786,Pop
141290,Instrumental
43022,International
94628,Pop
27799,Hip-Hop
135010,Folk
86119,Pop
110438,Folk
126413,Instrumental
73921,Pop
42247,International
74385,Experimental
30740,Experimental
75395,Hip-Hop
139226,Electronic
80834,Electronic
118629,Electronic
40139,Rock
125240,Experimental
107187,International
5171,Folk
48763,Rock
29752,Experimental
122510,Instrumental
140565,Electronic
112197,Experimental
96657,Hip-Hop
36616,Pop
87191,Pop
148099,Experimental
145761,Electronic
139934,Electronic
107592,Folk
107613,Electronic
142550,Pop
86679,Hip-Hop
108868,International
119025,Experimental
112199,Experimental
58541,Rock
142569,International
114390,Electronic
21409,Pop
62671,Electronic
68853,Folk
3532,Pop
86721,Experimental
57442,Experimental
105718,Folk
89486,Folk
97793,Experimental
92885,Experimental
92539,Folk
132789,Pop
125154,Electronic
57435,Pop
110765,Hip-Hop
72068,Electronic
140789,Folk
60544,International
110623,Experimental
122648,Instrumental
126215,Instrumental
93986,Rock
131024,Experimental
130218,Hip-Hop
127494,Instrumental
94635,Pop
86486,Instrumental
122086,Rock
27609,International
6610,Hip-Hop
126214,Instrumental
129876,International
91309,Hip-Hop
73193,Rock
92872,Experimental
116547,Rock
41819,Pop
29245,Pop
68573,Experimental
104283,Electronic
116753,Instrumental
69209,Electronic
72075,Electronic
149750,Pop
26013,Hip-Hop
24420,Hip-Hop
110410,Rock
127343,Electronic
125822,Instrumental
99703,Electronic
82928,Instrumental
91900,Experimental
71248,Hip-Hop
124756,Electronic
130129,Electronic
141902,Pop
67760,Pop
40657,Instrumental
105682,Rock
107047,Pop
10384,Folk
73169,Folk
7709,Folk
126415,Instrumental
73369,Electronic
126320,Instrumental
126316,Instrumental
26754,Pop
77523,Experimental
20432,International
126669,Rock
98229,Experimental
135338,Pop
139995,Electronic
108882,Instrumental
90826,Pop
55234,International
129806,Hip-Hop
9555,Rock
131932,International
108026,Instrumental
123094,Folk
140261,Electronic
142535,International
141616,Electronic
72070,Electronic
15464,Experimental
4071,International
145750,Hip-Hop
59445,Pop
91181,International
85792,Rock
93943,Pop
91170,Folk
33070,International
143220,Rock
59686,International
107593,Folk
62193,International
33123,Electronic
141564,Hip-Hop
75386,Hip-Hop
110690,Electronic
71158,Hip-Hop
56467,International
146150,Hip-Hop
17607,International
28477,Pop
145553,Folk
82916,Instrumental
53496,Electronic
24748,International
85787,Rock
48491,International
60753,International
20362,Instrumental
115891,Instrumental
93950,Rock
134948,International
141303,Instrumental
124185,Rock
64796,Pop
60754,International
129268,Rock
118068,Instrumental
138015,Folk
146988,Experimental
42310,Rock
85488,Folk
131919,Instrumental
74960,Experimental
80756,International
126885,Instrumental
11298,Hip-Hop
12355,Folk
124186,Rock
57175,Folk
138025,Instrumental
154307,Hip-Hop
87645,Electronic
143307,Instrumental
113304,Rock
56274,Pop
141282,Instrumental
111935,Hip-Hop
91163,Pop
4846,International
118327,Rock
122352,Folk
118000,Experimental
107183,International
43592,International
114199,Rock
52947,Folk
107579,Folk
113282,International
122634,Instrumental
130934,Instrumental
4688,Hip-Hop
6856,Folk
105826,Hip-Hop
63936,Experimental
109960,Pop
111395,Pop
36961,Pop
149139,Instrumental
139523,Folk
134586,Instrumental
36302,Hip-Hop
146989,Experimental
91755,Electronic
120299,Instrumental
97886,Rock
110652,Instrumental
121656,Instrumental
133455,Instrumental
25124,Pop
126670,Rock
137593,Rock
112978,Instrumental
40938,Rock
51006,International
116586,Experimental
55437,Pop
94630,Pop
64854,Experimental
45474,Rock
61174,Hip-Hop
33992,Rock
143941,Instrumental
129972,Rock
133275,Rock
94426,Hip-Hop
25030,International
10677,Rock
119719,Folk
78845,Hip-Hop
26017,Hip-Hop
38847,Experimental
108420,Electronic
113269,International
124411,Experimental
145742,Hip-Hop
64629,Hip-Hop
94411,Electronic
135039,Folk
135989,Electronic
146724,Hip-Hop
113335,Electronic
60331,Experimental
25215,International
12484,Folk
107434,Electronic
73779,International
142097,Instrumental
96726,Folk
131554,Rock
125774,Rock
142078,Electronic
134938,International
14586,Instrumental
110447,International
26034,Hip-Hop
141591,International
134791,Instrumental
68869,Experimental
107185,International
101951,Rock
141139,Instrumental
123488,Instrumental
121866,Rock
140791,Folk
27856,Folk
42029,International
129046,Rock
145199,Rock
92573,Experimental
67637,Electronic
37324,Pop
113063,Rock
32694,Hip-Hop
142536,International
56468,International
143214,Rock
99704,Electronic
11783,Hip-Hop
64866,Experimental
115723,Electronic
60757,International
14693,Folk
81660,Instrumental
36997,Hip-Hop
83600,Instrumental
132963,Hip-Hop
126181,Instrumental
24749,International
42016,International
89848,Hip-Hop
55717,Rock
110441,Folk
43860,Hip-Hop
81938,Folk
52449,Instrumental
52631,Electronic
24364,International
123965,Hip-Hop
71254,Hip-Hop
94419,Rock
91184,International
38964,Experimental
4108,Rock
150073,International
140933,Electronic
54753,Hip-Hop
114063,Electronic
59721,International
72738,Rock
68821,Rock
97404,Electronic
134951,International
107390,Rock
12985,Folk
138017,Folk
69199,Electronic
69181,Pop
82918,Instrumental
31888,International
121320,Hip-Hop
5879,Folk
148218,Folk
70774,Hip-Hop
67661,Rock
68600,Hip-Hop
113787,Instrumental
47665,Pop
11868,Hip-Hop
127532,Experimental
6376,International
144470,Folk
110106,Electronic
28802,Pop
136324,Electronic
147956,Rock
93716,Folk
67829,Experimental
73572,Folk
113036,Hip-Hop
115892,Instrumental
130929,Instrumental
10809,Pop
127909,Pop
135342,Pop
79977,Experimental
125820,Instrumental
66076,Electronic
122457,Electronic
82237,Experimental
65756,Pop
81555,Instrumental
36096,Electronic
75925,Hip-Hop
109543,Electronic
136134,Folk
58213,Hip-Hop
56797,Electronic
114541,Instrumental
62337,Rock
13668,Electronic
119545,Experimental
60994,Experimental
56650,Rock
99214,Experimental
38821,International
109542,Electronic
122534,Pop
127188,Pop
75783,Rock
14315,International
53299,International
94634,Pop
125809,Instrumental
91159,Pop
91086,Electronic
39278,Experimental
64247,Experimental
71251,Hip-Hop
123932,Electronic
73099,Experimental
80351,International
68844,Folk
25032,International
123467,Instrumental
127499,Instrumental
114372,Instrumental
127339,Rock
67017,Folk
55783,Electronic
132566,Instrumental
113950,Folk
6407,Folk
51274,Pop
86484,Instrumental
98628,Hip-Hop
72782,Hip-Hop
140875,Folk
59658,International
60038,International
7376,Experimental
139993,Electronic
7488,Hip-Hop
42045,Hip-Hop
127209,Instrumental
6442,Hip-Hop
84201,Electronic
11768,Hip-Hop
26906,Electronic
38879,Experimental
112527,Rock
87152,Rock
132794,Pop
148439,Electronic
127189,Pop
134455,Instrumental
127349,Electronic
99311,Electronic
126598,Rock
138579,Electronic
136468,Hip-Hop
127911,Pop
108014,Folk
19439,Hip-Hop
126519,Experimental
114391,Electronic
48464,Electronic
64631,Hip-Hop
11918,Hip-Hop
67121,Rock
3273,Folk
51276,Pop
69210,Electronic
71253,Hip-Hop
148612,Pop
7483,Hip-Hop
85968,Folk
143318,Rock
133838,International
102092,Experimental
120172,Folk
138212,Hip-Hop
98671,International
125183,Folk
11919,Hip-Hop
67553,Electronic
96401,Rock
132561,Instrumental
115762,Rock
115271,International
39317,Experimental
75317,Pop
107050,Pop
48454,Pop
66187,Folk
110681,Experimental
203,Folk
122365,Folk
56496,Hip-Hop
29044,Electronic
48492,International
107435,Electronic
93983,Rock
112528,Rock
3274,Folk
98204,Electronic
134935,International
91238,Folk
122651,Instrumental
11766,Hip-Hop
84158,Folk
111378,Pop
126786,Folk
123003,Electronic
48269,Experimental
9491,Rock
24741,International
57658,Rock
47916,Rock
130702,Hip-Hop
21891,Electronic
75749,Hip-Hop
96946,Pop
129042,Instrumental
99419,Rock
30120,Experimental
43886,Experimental
121976,Experimental
3765,Rock
13566,Hip-Hop
708,International
110689,Electronic
82778,Hip-Hop
119894,Instrumental
27855,Folk
86416,Hip-Hop
138020,Instrumental
139521,Folk
27667,Electronic
29718,Hip-Hop
63457,Folk
114066,Electronic
125826,Instrumental
60547,International
4684,Hip-Hop
45335,Pop
69723,Rock
122807,Pop
71247,Hip-Hop
47662,Folk
146151,Hip-Hop
91621,Electronic
72456,Rock
10481,Folk
125999,Electronic
4239,International
65040,Electronic
83438,Folk
44950,International
123097,Folk
80516,Instrumental
145005,Folk
93867,Rock
82893,Folk
54163,Rock
33278,Experimental
134486,Pop
55713,Rock
25055,Pop
94034,Instrumental
131658,Rock
102195,Rock
69188,Pop
87192,Pop
113280,International
10439,Folk
126778,Folk
135225,International
109906,Folk
41965,Rock
34003,Experimental
75393,Hip-Hop
96936,Rock
143060,Electronic
70654,Hip-Hop
141878,Rock
138355,Rock
80776,International
107048,Pop
116489,Instrumental
68843,Folk
40542,Hip-Hop
85952,Pop
59581,International
135363,Rock
97958,Electronic
47199,Experimental
121738,Pop
142133,Folk
110266,Hip-Hop
81576,Instrumental
47897,Pop
126398,Pop
68444,Electronic
131983,Instrumental
127726,Folk
80518,Instrumental
35543,Rock
111397,Pop
118489,Experimental
38824,International
34167,Hip-Hop
32218,Electronic
69768,Folk
108880,Instrumental
129053,Pop
110928,Folk
63803,Hip-Hop
122804,Pop
6469,International
96743,International
98556,Hip-Hop
146458,Electronic
18611,Rock
126676,Rock
13197,Pop
32330,Pop
27613,International
45518,Folk
40233,Folk
88874,Folk
64521,Hip-Hop
43857,Hip-Hop
38819,International
126666,Rock
67763,Folk
3722,Rock
122204,Experimental
92564,Electronic
75750,Hip-Hop
126103,Pop
113822,Rock
137715,Rock
96742,International
117472,Pop
131978,Rock
129406,International
25797,International
62446,Pop
113511,Rock
69767,Folk
136424,Electronic
59653,International
137723,Rock
138578,Electronic
130132,Electronic
26016,Hip-Hop
71938,Rock
114937,International
119118,Experimental
137174,Instrumental
122106,Experimental
65064,Electronic
28481,Pop
127648,Instrumental
108021,Instrumental
13767,Hip-Hop
129439,Folk
30488,Pop
109548,Experimental
114387,Electronic
51260,Pop
55480,Experimental
71250,Hip-Hop
116490,Instrumental
104284,Electronic
16878,Hip-Hop
128666,Hip-Hop
11791,Hip-Hop
63289,Instrumental
113971,Electronic
112484,Hip-Hop
10440,Folk
108885,Instrumental
116525,Experimental
64009,Pop
73773,International
71303,Rock
128470,Instrumental
69206,Electronic
68404,Rock
33050,Folk
110260,Hip-Hop
142567,International
96627,Experimental
80754,International
129925,International
120207,Pop
49857,Folk
6674,Experimental
36994,Hip-Hop
144733,Electronic
91936,Folk
14541,Hip-Hop
120774,Instrumental
64593,International
19425,Pop
130921,Electronic
11677,International
135224,International
91459,Rock
86763,Rock
109958,Pop
61007,Folk
39605,Electronic
133970,Instrumental
107180,International
82917,Instrumental
133447,Instrumental
125375,Pop
107912,Electronic
85422,Pop
71174,Hip-Hop
92536,Folk
108533,Electronic
129874,International
126319,Instrumental
113699,International
12737,Experimental
55827,International
68861,Folk
10806,Pop
6467,Folk
125003,Rock
134452,Instrumental
137624,Rock
12487,Folk
123825,Rock
65893,Folk
10695,Hip-Hop
108493,Hip-Hop
54464,International
57892,Rock
112488,Hip-Hop
136321,Electronic
85951,Pop
11937,Pop
80758,International
30636,Experimental
60048,International
133537,Instrumental
61491,Rock
111396,Pop
113017,Pop
113357,Folk
105916,Folk
116757,Instrumental
82886,Experimental
126491,Folk
105827,Hip-Hop
85484,Folk
90618,Instrumental
112000,Instrumental
38353,International
144472,Folk
148213,Folk
146152,Hip-Hop
109538,Electronic
37121,Experimental
41054,Experimental
51992,International
29721,Hip-Hop
140925,Electronic
47670,Pop
29750,Experimental
142537,International
139770,Rock
65039,Electronic
40541,Hip-Hop
92887,Experimental
124481,Pop
131453,Pop
112735,Rock
92948,Instrumental
12690,International
36272,International
63161,Experimental
132138,Electronic
64253,Experimental
59659,International
126671,Rock
13539,International
96560,Rock
129397,International
108456,Pop
79995,Folk
140790,Folk
20296,Experimental
80293,Hip-Hop
129391,Pop
67640,Electronic
117991,Experimental
85027,Rock
110980,Rock
36985,Hip-Hop
61814,Rock
3906,Folk
73522,Rock
126405,Pop
135369,Rock
75379,Hip-Hop
113272,International
120312,Instrumental
73494,Experimental
107256,International
76129,Pop
133563,Instrumental
59695,International
13325,Rock
133293,Experimental
3762,Rock
80003,Folk
7379,Experimental
72514,Pop
12346,Experimental
66537,Rock
115735,Rock
104725,Experimental
91315,Hip-Hop
126601,Experimental
119942,Hip-Hop
97813,Experimental
70207,Hip-Hop
26020,Hip-Hop
37779,Experimental
77519,Experimental
91158,Pop
1040,Rock
142666,Hip-Hop
126229,Instrumental
56273,Pop
51923,Electronic
27611,International
43596,International
57662,Rock
42374,Electronic
1039,Rock
10672,Rock
109072,Experimental
72206,Electronic
134923,International
131789,Instrumental
59443,Pop
115698,Electronic
96900,Experimental
148513,Pop
108525,Electronic
116491,Instrumental
116488,Instrumental
55293,Pop
21859,Rock
138018,Instrumental
127912,Pop
22474,Pop
93521,Electronic
43883,Experimental
54236,Pop
74445,Folk
129090,Rock
126600,Experimental
134826,Hip-Hop
75762,Electronic
143290,Hip-Hop
81457,Instrumental
54155,Instrumental
13768,Hip-Hop
116237,Electronic
9918,Experimental
110927,Folk
123000,Electronic
32335,Pop
10442,Folk
14571,Instrumental
108863,International
106571,Rock
127211,Instrumental
121666,Instrumental
59677,International
68897,Electronic
143056,Electronic
64409,International
142533,International
75418,Hip-Hop
69763,Folk
43867,Hip-Hop
97547,Electronic
15771,Electronic
5006,Rock
124518,Experimental
28485,Pop
12051,Folk
73171,Folk
114393,Electronic
106502,Instrumental
29041,Electronic
129695,Folk
814,Folk
65685,Folk
64332,Electronic
59451,Pop
119899,Instrumental
54237,Pop
38820,International
127263,Electronic
53457,Electronic
118502,Experimental
114398,Rock
146343,Experimental
4234,International
104067,Pop
113342,Folk
116344,Electronic
110636,Rock
111311,Rock
105662,Electronic
76128,Pop
45515,Folk
107425,Electronic
139775,Instrumental
23013,Electronic
68841,Folk
104063,Rock
65077,International
21085,Electronic
45153,Electronic
87490,Rock
114388,Electronic
32328,Pop
43699,International
92540,Folk
107595,Folk
142083,Hip-Hop
65777,Electronic
59684,International
133453,Instrumental
126899,Electronic
10386,Folk
121661,Instrumental
75746,Hip-Hop
115294,Instrumental
66483,Experimental
127798,Experimental
24746,International
115813,Electronic
62529,International
105674,Electronic
105673,Electronic
108313,Experimental
11299,Hip-Hop
104064,Pop
26036,Hip-Hop
69204,Electronic
123004,Electronic
123832,Rock
17605,International
78213,Folk
128881,Experimental
14578,Instrumental
129622,Experimental
11867,Hip-Hop
86634,Pop
138406,Folk
31390,Folk
69561,Hip-Hop
51776,Instrumental
115292,Instrumental
124180,Instrumental
75931,Hip-Hop
59685,International
16994,Rock
122397,Rock
75221,Rock
72786,Hip-Hop
83906,Experimental
64093,Experimental
74392,Experimental
46159,Electronic
83509,Pop
76440,Folk
43866,Hip-Hop
126557,Experimental
100550,Electronic
114077,Instrumental
127360,International
133798,Folk
119830,Instrumental
130951,Folk
76654,Electronic
109963,Pop
92130,Pop
126105,Pop
56693,International
97548,Electronic
108881,Instrumental
70303,Electronic
61884,Hip-Hop
120333,Instrumental
99394,International
129694,Folk
112734,Rock
111394,Pop
54466,International
25324,Experimental
11790,Hip-Hop
29971,Folk
110166,Rock
61013,Folk
13710,Electronic
12481,Folk
81523,Instrumental
120466,Electronic
89815,Electronic
20818,Experimental
117613,Instrumental
75927,Hip-Hop
73309,Rock
87155,Rock
11508,Folk
5159,Folk
113453,Electronic
84290,Rock
141618,Electronic
95722,Instrumental
137724,Rock
122199,Experimental
149689,Hip-Hop
110687,Electronic
44946,International
91894,Experimental
83558,Hip-Hop
21401,Pop
108530,Electronic
93727,Electronic
148079,International
82630,International
86993,Rock
147412,Rock
123934,Electronic
22473,Pop
96730,Folk
75432,Instrumental
123487,Instrumental
25606,International
10441,Folk
52954,Folk
37325,Pop
3266,Folk
61591,Pop
108429,Pop
145068,Rock
67332,Pop
1930,Rock
26629,Electronic
129910,Hip-Hop
114544,Electronic
21587,Pop
37369,Pop
126585,Instrumental
126047,Rock
26035,Hip-Hop
29350,International
135371,Rock
459,Rock
108846,Hip-Hop
137175,Instrumental
137896,Hip-Hop
47100,Pop
43962,Folk
108308,Folk
43021,International
102112,Experimental
133972,Instrumental
42648,Folk
105917,Folk
25234,International
49029,Folk
141310,Electronic
144465,Folk
3911,Folk
108879,Instrumental
155066,Hip-Hop
113294,Rock
132779,Pop
114942,International
15770,Electronic
126295,Rock
24745,International
39875,Experimental
54480,International
72781,Hip-Hop
144592,Electronic
67357,Pop
113700,International
98701,Rock
68839,Folk
117610,Instrumental
18034,International
67764,Folk
47666,Pop
81613,Instrumental
81512,Instrumental
44777,Folk
133442,Instrumental
118060,Instrumental
6329,International
55113,Hip-Hop
73768,International
110711,Experimental
89477,Folk
18032,International
114294,Electronic
146639,Folk
32326,Pop
122153,Experimental
123501,Electronic
108343,Electronic
75399,Hip-Hop
98575,Hip-Hop
118953,Instrumental
123523,Instrumental
115817,Experimental
69182,Pop
146879,Electronic
71510,Electronic
134453,Instrumental
98298,International
127286,Pop
17610,International
23172,Rock
90530,Instrumental
58068,Experimental
6448,Hip-Hop
7710,Folk
28070,Rock
23371,Folk
73769,International
114051,Hip-Hop
57820,Hip-Hop
119725,Folk
85487,Folk
113018,Pop
11769,Hip-Hop
130265,Pop
44918,Rock
110262,Hip-Hop
62426,Folk
105672,Electronic
111154,Instrumental
4097,International
86118,Pop
47198,Experimental
116261,Experimental
21087,Folk
69195,Electronic
113203,Experimental
70402,Rock
148114,Instrumental
52634,Electronic
129882,International
130131,Electronic
137627,Rock
68860,Folk
129392,Pop
24963,Experimental
98228,Electronic
142080,Electronic
1736,Experimental
72135,Hip-Hop
15471,Experimental
68579,Experimental
104277,Electronic
72570,Folk
127301,Pop
134794,Instrumental
116449,Folk
131016,Hip-Hop
133968,Instrumental
28376,Experimental
141287,Instrumental
85837,Electronic
23015,Folk
64079,Pop
123966,Hip-Hop
126430,Pop
87377,Electronic
52039,Pop
35443,Folk
54159,Instrumental
91619,Electronic
97569,Hip-Hop
68582,Electronic
133977,Instrumental
26640,Rock
42023,International
37731,Rock
128812,Instrumental
134932,International
62187,International
56695,International
15469,Experimental
26583,Experimental
122622,Instrumental
148610,Pop
107850,Hip-Hop
6342,International
80833,Electronic
59449,Pop
6677,Experimental
113933,Pop
148002,Instrumental
17609,International
112020,Rock
27551,Pop
116755,Instrumental
114411,Rock
126055,Experimental
121660,Instrumental
124915,Electronic
116467,Instrumental
51111,Experimental
111225,Instrumental
138581,Electronic
113028,Pop
44800,Experimental
66074,Electronic
110102,Electronic
