track_id,success,error
2,True,
5,True,
10,True,
140,True,
141,True,
148,True,
182,True,
190,True,
193,True,
194,True,
197,True,
200,True,
203,True,
204,True,
207,True,
210,True,
211,True,
212,True,
213,True,
255,True,
256,True,
368,True,
424,True,
459,True,
534,True,
540,True,
546,True,
574,True,
602,True,
615,True,
620,True,
621,True,
625,True,
666,True,
667,True,
676,True,
690,True,
694,True,
695,True,
704,True,
705,True,
706,True,
707,True,
708,True,
709,True,
714,True,
715,True,
716,True,
718,True,
777,True,
814,True,
821,True,
822,True,
825,True,
853,True,
890,True,
892,True,
897,True,
993,True,
995,True,
997,True,
998,True,
1039,True,
1040,True,
1066,True,
1069,True,
1073,True,
1075,True,
1082,True,
1083,True,
1087,True,
1102,True,
1193,True,
1195,True,
1196,True,
1197,True,
1249,True,
1259,True,
1270,True,
1276,True,
1277,True,
1278,True,
1417,True,
1427,True,
1443,True,
1482,True,
1510,True,
1544,True,
1642,True,
1644,True,
1649,True,
1661,True,
1663,True,
1666,True,
1673,True,
1680,True,
1681,True,
1682,True,
1683,True,
1684,True,
1685,True,
1686,True,
1687,True,
1688,True,
1689,True,
1701,True,
1702,True,
1703,True,
1704,True,
1706,True,
1720,True,
1732,True,
1733,True,
1735,True,
1736,True,
1883,True,
1891,True,
1893,True,
1924,True,
1925,True,
1929,True,
1930,True,
2012,True,
2096,True,
2097,True,
2099,True,
3263,True,
3264,True,
3265,True,
3266,True,
3270,True,
3271,True,
3272,True,
3273,True,
3274,True,
3492,True,
3532,True,
3533,True,
3534,True,
3535,True,
3537,True,
3538,True,
3573,True,
3598,True,
3624,True,
3707,True,
3708,True,
3720,True,
3721,True,
3722,True,
3724,True,
3725,True,
3761,True,
3762,True,
3763,True,
3765,True,
3766,True,
3775,True,
3776,True,
3777,True,
3778,True,
3779,True,
3832,True,
3833,True,
3840,True,
3880,True,
3895,True,
3896,True,
3904,True,
3905,True,
3906,True,
3908,True,
3909,True,
3910,True,
3911,True,
3912,True,
3913,True,
3920,True,
3921,True,
3950,True,
4013,True,
4017,True,
4022,True,
4037,True,
4066,True,
4067,True,
4068,True,
4069,True,
4070,True,
4071,True,
4072,True,
4073,True,
4074,True,
4075,True,
4076,True,
4077,True,
4078,True,
4079,True,
4080,True,
4091,True,
4092,True,
4093,True,
4094,True,
4095,True,
4096,True,
4097,True,
4098,True,
4099,True,
4100,True,
4101,True,
4102,True,
4103,True,
4108,True,
4232,True,
4233,True,
4234,True,
4235,True,
4236,True,
4239,True,
4450,True,
4507,True,
4508,True,
4509,True,
4510,True,
4511,True,
4519,True,
4520,True,
4521,True,
4522,True,
4682,True,
4684,True,
4685,True,
4688,True,
4777,True,
4778,True,
4779,True,
4780,True,
4781,True,
4782,True,
4784,True,
4785,True,
4786,True,
4787,True,
4788,True,
4799,True,
4835,True,
4836,True,
4838,True,
4846,True,
4848,True,
4849,True,
5006,True,
5156,True,
5157,True,
5158,True,
5159,True,
5169,True,
5170,True,
5171,True,
5191,True,
5264,True,
5268,True,
5376,True,
5381,True,
5521,True,
5879,True,
5936,True,
5940,True,
6329,True,
6330,True,
6331,True,
6332,True,
6333,True,
6342,True,
6354,True,
6357,True,
6358,True,
6360,True,
6363,True,
6366,True,
6367,True,
6368,True,
6370,True,
6372,True,
6373,True,
6376,True,
6379,True,
6380,True,
6381,True,
6382,True,
6383,True,
6385,True,
6387,True,
6389,True,
6390,True,
6393,True,
6394,True,
6396,True,
6406,True,
6407,True,
6439,True,
6440,True,
6442,True,
6443,True,
6448,True,
6459,True,
6461,True,
6463,True,
6467,True,
6469,True,
6517,True,
6519,True,
6603,True,
6605,True,
6606,True,
6607,True,
6608,True,
6609,True,
6610,True,
6611,True,
6674,True,
6675,True,
6677,True,
6679,True,
6680,True,
6684,True,
6762,True,
6776,True,
6778,True,
6779,True,
6782,True,
6783,True,
6788,True,
6802,True,
6803,True,
6854,True,
6855,True,
6856,True,
6857,True,
7011,True,
7373,True,
7374,True,
7375,True,
7376,True,
7377,True,
7378,True,
7379,True,
7381,True,
7383,True,
7385,True,
7386,True,
7388,True,
7391,True,
7393,True,
7481,True,
7482,True,
7483,True,
7487,True,
7488,True,
7489,True,
7490,True,
7491,True,
7492,True,
7495,True,
7526,True,
7527,True,
7528,True,
7529,True,
7548,True,
7554,True,
7709,True,
7710,True,
7711,True,
7712,True,
7713,True,
7872,True,
8056,True,
8208,True,
8256,True,
8259,True,
8261,True,
8345,True,
8357,True,
8363,True,
8372,True,
8416,True,
9152,True,
9155,True,
9307,True,
9476,True,
9477,True,
9491,True,
9505,True,
9511,True,
9512,True,
9513,True,
9550,True,
9553,True,
9555,True,
9557,True,
9559,True,
9560,True,
9678,True,
9721,True,
9846,True,
9887,True,
9888,True,
9918,True,
9962,True,
10186,True,
10192,True,
10250,True,
10374,True,
10375,True,
10376,True,
10377,True,
10381,True,
10382,True,
10383,True,
10384,True,
10385,True,
10386,True,
10387,True,
10388,True,
10389,True,
10435,True,
10438,True,
10439,True,
10440,True,
10441,True,
10442,True,
10443,True,
10444,True,
10447,True,
10458,True,
10480,True,
10481,True,
10485,True,
10521,True,
10527,True,
10535,True,
10541,True,
10575,True,
10577,True,
10668,True,
10669,True,
10670,True,
10671,True,
10672,True,
10673,True,
10674,True,
10675,True,
10676,True,
10677,True,
10678,True,
10679,True,
10682,True,
10684,True,
10693,True,
10694,True,
10695,True,
10696,True,
10697,True,
10698,True,
10699,True,
10805,True,
10806,True,
10807,True,
10808,True,
10809,True,
10810,True,
10983,True,
10992,True,
10993,True,
11019,True,
11020,True,
11059,True,
11198,True,
11199,True,
11200,True,
11204,True,
11206,True,
11234,True,
11237,True,
11239,True,
11242,True,
11261,True,
11262,True,
11264,True,
11268,True,
11298,True,
11299,True,
11306,True,
11333,True,
11334,True,
11503,True,
11504,True,
11505,True,
11508,True,
11544,True,
11638,True,
11671,True,
11672,True,
11673,True,
11674,True,
11675,True,
11677,True,
11679,True,
11681,True,
11682,True,
11683,True,
11763,True,
11764,True,
11765,True,
11766,True,
11767,True,
11768,True,
11769,True,
11770,True,
11771,True,
11772,True,
11773,True,
11774,True,
11775,True,
11776,True,
11777,True,
11778,True,
11779,True,
11780,True,
11781,True,
11782,True,
11783,True,
11784,True,
11785,True,
11786,True,
11787,True,
11788,True,
11789,True,
11790,True,
11791,True,
11792,True,
11793,True,
11794,True,
11795,True,
11803,True,
11818,True,
11839,True,
11861,True,
11862,True,
11867,True,
11868,True,
11916,True,
11917,True,
11918,True,
11919,True,
11920,True,
11921,True,
11922,True,
11933,True,
11937,True,
11942,True,
11946,True,
11947,True,
11951,True,
12045,True,
12046,True,
12047,True,
12048,True,
12049,True,
12050,True,
12051,True,
12052,True,
12053,True,
12058,True,
12059,True,
12060,True,
12061,True,
12062,True,
12064,True,
12065,True,
12066,True,
12067,True,
12109,True,
12146,True,
12147,True,
12173,True,
12174,True,
12179,True,
12188,True,
12189,True,
12346,True,
12348,True,
12349,True,
12350,True,
12351,True,
12352,True,
12353,True,
12355,True,
12376,True,
12387,True,
12390,True,
12394,True,
12481,True,
12482,True,
12484,True,
12485,True,
12486,True,
12487,True,
12488,True,
12489,True,
12490,True,
12508,True,
12513,True,
12514,True,
12518,True,
12521,True,
12526,True,
12527,True,
12530,True,
12531,True,
12532,True,
12537,True,
12551,True,
12552,True,
12654,True,
12690,True,
12691,True,
12692,True,
12737,True,
12985,True,
12986,True,
13191,True,
13197,True,
13199,True,
13201,True,
13218,True,
13220,True,
13325,True,
13328,True,
13362,True,
13378,True,
13474,True,
13537,True,
13538,True,
13539,True,
13540,True,
13556,True,
13561,True,
13562,True,
13566,True,
13571,True,
13578,True,
13591,True,
13596,True,
13666,True,
13668,True,
13670,True,
13706,True,
13707,True,
13708,True,
13709,True,
13710,True,
13711,True,
13735,True,
13747,True,
13748,True,
13749,True,
13767,True,
13768,True,
13804,True,
13927,True,
13928,True,
13929,True,
13930,True,
14063,True,
14208,True,
14315,True,
14316,True,
14317,True,
14318,True,
14319,True,
14320,True,
14344,True,
14358,True,
14363,True,
14365,True,
14386,True,
14391,True,
14538,True,
14539,True,
14541,True,
14542,True,
14568,True,
14569,True,
14570,True,
14571,True,
14572,True,
14576,True,
14577,True,
14578,True,
14579,True,
14580,True,
14581,True,
14583,True,
14584,True,
14585,True,
14586,True,
14588,True,
14589,True,
14590,True,
14601,True,
14602,True,
14603,True,
14604,True,
14653,True,
14661,True,
14663,True,
14684,True,
14690,True,
14693,True,
14733,True,
14734,True,
14735,True,
14736,True,
14737,True,
14738,True,
14739,True,
14740,True,
14741,True,
14742,True,
14743,True,
14744,True,
14745,True,
14809,True,
14869,True,
15094,True,
15210,True,
15464,True,
15469,True,
15471,True,
15475,True,
15476,True,
15487,True,
15488,True,
15540,True,
15541,True,
15542,True,
15543,True,
15625,True,
15769,True,
15770,True,
15771,True,
15772,True,
15773,True,
15880,True,
16095,True,
16155,True,
16158,True,
16162,True,
16163,True,
16334,True,
16337,True,
16338,True,
16339,True,
16340,True,
16354,True,
16743,True,
16744,True,
16745,True,
16747,True,
16819,True,
16820,True,
16821,True,
16822,True,
16878,True,
16879,True,
16880,True,
16895,True,
16994,True,
16995,True,
16997,True,
17132,True,
17344,True,
17345,True,
17462,True,
17491,True,
17496,True,
17499,True,
17500,True,
17573,True,
17588,True,
17605,True,
17606,True,
17607,True,
17608,True,
17609,True,
17610,True,
17611,True,
17631,True,
17632,True,
17633,True,
17634,True,
17635,True,
17636,True,
17637,True,
17644,True,
17735,True,
17782,True,
17884,True,
17906,True,
18031,True,
18032,True,
18033,True,
18034,True,
18037,True,
18038,True,
18039,True,
18043,True,
18044,True,
18112,True,
18124,True,
18144,True,
18145,True,
18146,True,
18159,True,
18197,True,
18350,True,
18607,True,
18611,True,
18876,True,
18877,True,
18887,True,
19073,True,
19074,True,
19179,True,
19184,True,
19187,True,
19192,True,
19412,True,
19413,True,
19415,True,
19416,True,
19417,True,
19418,True,
19420,True,
19422,True,
19423,True,
19425,True,
19438,True,
19439,True,
19441,True,
19442,True,
19459,True,
19673,True,
19674,True,
19685,True,
19689,True,
19707,True,
19708,True,
19729,True,
19758,True,
19759,True,
19760,True,
19889,True,
19890,True,
19891,True,
20050,True,
20296,True,
20361,True,
20362,True,
20364,True,
20365,True,
20366,True,
20369,True,
20372,True,
20373,True,
20374,True,
20375,True,
20376,True,
20424,True,
20432,True,
20469,True,
20667,True,
20704,True,
20818,True,
21058,True,
21085,True,
21087,True,
21167,True,
21228,True,
21231,True,
21232,True,
21400,True,
21401,True,
21402,True,
21403,True,
21404,True,
21409,True,
21422,True,
21565,True,
21587,True,
21657,True,
21672,True,
21676,True,
21677,True,
21707,True,
21774,True,
21842,True,
21859,True,
21860,True,
21891,True,
21895,True,
21995,True,
21996,True,
21997,True,
21998,True,
21999,True,
22000,True,
22001,True,
22088,True,
22091,True,
22093,True,
22094,True,
22095,True,
22097,True,
22150,True,
22295,True,
22296,True,
22315,True,
22348,True,
22472,True,
22473,True,
22474,True,
22475,True,
22476,True,
22477,True,
22478,True,
22479,True,
22480,True,
22481,True,
23010,True,
23013,True,
23014,True,
23015,True,
23016,True,
23037,True,
23039,True,
23041,True,
23063,True,
23155,True,
23156,True,
23172,True,
23329,True,
23353,True,
23355,True,
23371,True,
23372,True,
23505,True,
23862,True,
24216,True,
24217,True,
24218,True,
24362,True,
24363,True,
24364,True,
24365,True,
24366,True,
24367,True,
24368,True,
24369,True,
24370,True,
24371,True,
24418,True,
24420,True,
24421,True,
24422,True,
24423,True,
24424,True,
24425,True,
24426,True,
24427,True,
24428,True,
24429,True,
24430,True,
24431,True,
24432,True,
24512,True,
24515,True,
24521,True,
24524,True,
24698,True,
24699,True,
24700,True,
24701,True,
24702,True,
24717,True,
24720,True,
24739,True,
24741,True,
24742,True,
24745,True,
24746,True,
24747,True,
24748,True,
24749,True,
24842,True,
24898,True,
24899,True,
24901,True,
24912,True,
24915,True,
24917,True,
24963,True,
24975,True,
24983,True,
25028,True,
25029,True,
25030,True,
25031,True,
25032,True,
25033,True,
25055,True,
25063,True,
25066,True,
25104,True,
25124,True,
25215,True,
25216,True,
25227,True,
25232,True,
25233,True,
25234,True,
25235,True,
25324,True,
25378,True,
25601,True,
25603,True,
25605,True,
25606,True,
25608,True,
25609,True,
25668,True,
25669,True,
25670,True,
25795,True,
25796,True,
25797,True,
25802,True,
25804,True,
26007,True,
26008,True,
26010,True,
26011,True,
26012,True,
26013,True,
26014,True,
26016,True,
26017,True,
26020,True,
26021,True,
26022,True,
26025,True,
26026,True,
26034,True,
26035,True,
26036,True,
26169,True,
26174,True,
26298,True,
26301,True,
26302,True,
26307,True,
26322,True,
26464,True,
26465,True,
26466,True,
26583,True,
26600,True,
26605,True,
26629,True,
26638,True,
26639,True,
26640,True,
26641,True,
26642,True,
26643,True,
26651,True,
26652,True,
26653,True,
26654,True,
26655,True,
26656,True,
26657,True,
26658,True,
26659,True,
26674,True,
26681,True,
26754,True,
26765,True,
26859,True,
26861,True,
26902,True,
26904,True,
26905,True,
26906,True,
27164,True,
27177,True,
27194,True,
27195,True,
27197,True,
27198,True,
27258,True,
27406,True,
27454,True,
27455,True,
27456,True,
27547,True,
27548,True,
27549,True,
27550,True,
27551,True,
27552,True,
27609,True,
27610,True,
27611,True,
27612,True,
27613,True,
27667,True,
27673,True,
27797,True,
27798,True,
27799,True,
27802,True,
27803,True,
27804,True,
27805,True,
27855,True,
27856,True,
27866,True,
27945,True,
27953,True,
27975,True,
27978,True,
27981,True,
27987,True,
28070,True,
28072,True,
28179,True,
28241,True,
28260,True,
28266,True,
28274,True,
28375,True,
28376,True,
28477,True,
28478,True,
28479,True,
28480,True,
28481,True,
28482,True,
28483,True,
28484,True,
28485,True,
28546,True,
28548,True,
28553,True,
28571,True,
28608,True,
28692,True,
28802,True,
29037,True,
29039,True,
29040,True,
29041,True,
29042,True,
29043,True,
29044,True,
29045,True,
29128,True,
29180,True,
29243,True,
29245,True,
29255,True,
29271,True,
29272,True,
29350,True,
29351,True,
29355,True,
29465,True,
29480,True,
29526,True,
29528,True,
29530,True,
29587,True,
29602,True,
29673,True,
29718,True,
29719,True,
29720,True,
29721,True,
29738,True,
29739,True,
29740,True,
29741,True,
29742,True,
29744,True,
29745,True,
29746,True,
29747,True,
29750,True,
29752,True,
29807,True,
29813,True,
29816,True,
29961,True,
29971,True,
30041,True,
30043,True,
30050,True,
30056,True,
30058,True,
30059,True,
30090,True,
30095,True,
30120,True,
30196,True,
30198,True,
30230,True,
30316,True,
30486,True,
30487,True,
30488,True,
30519,True,
30520,True,
30521,True,
30522,True,
30636,True,
30682,True,
30690,True,
30702,True,
30740,True,
30895,True,
31040,True,
31041,True,
31042,True,
31043,True,
31044,True,
31165,True,
31356,True,
31389,True,
31390,True,
31391,True,
31392,True,
31568,True,
31807,True,
31887,True,
31888,True,
31889,True,
31999,True,
32001,True,
32021,True,
32075,True,
32081,True,
32218,True,
32325,True,
32326,True,
32327,True,
32328,True,
32329,True,
32330,True,
32331,True,
32332,True,
32333,True,
32334,True,
32335,True,
32336,True,
32337,True,
32338,True,
32339,True,
32340,True,
32433,True,
32435,True,
32437,True,
32438,True,
32439,True,
32525,True,
32686,True,
32687,True,
32689,True,
32693,True,
32694,True,
32695,True,
32755,True,
32756,True,
32759,True,
32760,True,
32800,True,
32882,True,
33020,True,
33049,True,
33050,True,
33064,True,
33067,True,
33068,True,
33069,True,
33070,True,
33071,True,
33072,True,
33123,True,
33124,True,
33203,True,
33216,True,
33221,True,
33278,True,
33415,True,
33422,True,
33424,True,
33426,True,
33446,True,
33459,True,
33460,True,
33461,True,
33465,True,
33477,True,
33486,True,
33538,True,
33992,True,
34003,True,
34147,True,
34167,True,
34257,True,
34258,True,
34263,True,
34484,True,
34510,True,
34511,True,
34994,True,
34996,True,
35007,True,
35008,True,
35182,True,
35184,True,
35198,True,
35199,True,
35204,True,
35296,True,
35299,True,
35443,True,
35444,True,
35462,True,
35527,True,
35534,True,
35535,True,
35537,True,
35539,True,
35541,True,
35543,True,
35544,True,
35545,True,
35549,True,
35550,True,
35569,True,
35571,True,
35608,True,
35734,True,
36096,True,
36097,True,
36099,True,
36143,True,
36144,True,
36145,True,
36146,True,
36147,True,
36245,True,
36257,True,
36258,True,
36261,True,
36272,True,
36273,True,
36275,True,
36277,True,
36302,True,
36304,True,
36322,True,
36333,True,
36371,True,
36380,True,
36388,True,
36428,True,
36435,True,
36481,True,
36526,True,
36560,True,
36567,True,
36614,True,
36615,True,
36616,True,
36618,True,
36643,True,
36659,True,
36799,True,
36959,True,
36961,True,
36965,True,
36966,True,
36983,True,
36984,True,
36985,True,
36986,True,
36987,True,
36988,True,
36990,True,
36992,True,
36994,True,
36997,True,
36998,True,
36999,True,
37041,True,
37111,True,
37113,True,
37119,True,
37121,True,
37131,True,
37136,True,
37141,True,
37147,True,
37324,True,
37325,True,
37368,True,
37369,True,
37416,True,
37417,True,
37423,True,
37538,True,
37592,True,
37725,True,
37727,True,
37730,True,
37731,True,
37779,True,
37781,True,
37784,True,
37859,True,
37911,True,
37920,True,
38312,True,
38321,True,
38323,True,
38326,True,
38351,True,
38352,True,
38353,True,
38354,True,
38361,True,
38362,True,
38363,True,
38365,True,
38399,True,
38435,True,
38450,True,
38522,True,
38557,True,
38560,True,
38775,True,
38776,True,
38777,True,
38778,True,
38779,True,
38780,True,
38781,True,
38782,True,
38783,True,
38784,True,
38785,True,
38817,True,
38818,True,
38819,True,
38820,True,
38821,True,
38822,True,
38823,True,
38824,True,
38825,True,
38826,True,
38827,True,
38828,True,
38829,True,
38830,True,
38833,True,
38834,True,
38847,True,
38859,True,
38878,True,
38879,True,
38880,True,
38881,True,
38882,True,
38884,True,
38886,True,
38887,True,
38888,True,
38890,True,
38891,True,
38892,True,
38893,True,
38894,True,
38895,True,
38896,True,
38898,True,
38899,True,
38900,True,
38901,True,
38902,True,
38904,True,
38905,True,
38906,True,
38907,True,
38908,True,
38910,True,
38911,True,
38912,True,
38914,True,
38955,True,
38961,True,
38964,True,
38965,True,
38966,True,
38967,True,
39188,True,
39259,True,
39278,True,
39291,True,
39298,True,
39316,True,
39317,True,
39318,True,
39357,True,
39359,True,
39378,True,
39484,True,
39488,True,
39530,True,
39605,True,
39607,True,
39658,True,
39659,True,
39660,True,
39661,True,
39662,True,
39663,True,
39664,True,
39665,True,
39666,True,
39667,True,
39875,True,
39900,True,
39904,True,
40121,True,
40122,True,
40123,True,
40133,True,
40134,True,
40139,True,
40141,True,
40147,True,
40161,True,
40180,True,
40182,True,
40229,True,
40230,True,
40231,True,
40232,True,
40233,True,
40234,True,
40235,True,
40236,True,
40237,True,
40238,True,
40239,True,
40240,True,
40241,True,
40242,True,
40243,True,
40244,True,
40245,True,
40250,True,
40509,True,
40525,True,
40541,True,
40542,True,
40598,True,
40654,True,
40655,True,
40656,True,
40657,True,
40658,True,
40659,True,
40660,True,
40683,True,
40725,True,
40842,True,
40843,True,
40844,True,
40845,True,
40851,True,
40903,True,
40908,True,
40909,True,
40938,True,
40940,True,
40984,True,
40985,True,
40986,True,
41018,True,
41019,True,
41020,True,
41054,True,
41095,True,
41147,True,
41191,True,
41192,True,
41310,True,
41381,True,
41568,True,
41570,True,
41573,True,
41605,True,
41709,True,
41714,True,
41812,True,
41819,True,
41820,True,
41825,True,
41961,True,
41962,True,
41965,True,
41971,True,
41983,True,
42014,True,
42016,True,
42017,True,
42018,True,
42019,True,
42020,True,
42023,True,
42025,True,
42029,True,
42030,True,
42031,True,
42040,True,
42044,True,
42045,True,
42046,True,
42048,True,
42119,True,
42126,True,
42129,True,
42135,True,
42138,True,
42139,True,
42141,True,
42146,True,
42234,True,
42235,True,
42236,True,
42238,True,
42240,True,
42241,True,
42243,True,
42245,True,
42247,True,
42310,True,
42372,True,
42373,True,
42374,True,
42375,True,
42376,True,
42377,True,
42442,True,
42463,True,
42475,True,
42648,True,
42659,True,
42751,True,
42761,True,
42789,True,
42844,True,
42851,True,
42911,True,
42914,True,
42915,True,
42966,True,
42984,True,
43016,True,
43018,True,
43019,True,
43020,True,
43021,True,
43022,True,
43023,True,
43024,True,
43025,True,
43026,True,
43027,True,
43028,True,
43029,True,
43030,True,
43063,True,
43172,True,
43173,True,
43516,True,
43517,True,
43518,True,
43519,True,
43520,True,
43521,True,
43533,True,
43534,True,
43535,True,
43536,True,
43585,True,
43586,True,
43587,True,
43588,True,
43589,True,
43590,True,
43592,True,
43593,True,
43594,True,
43595,True,
43596,True,
43598,True,
43599,True,
43600,True,
43608,True,
43621,True,
43623,True,
43691,True,
43695,True,
43696,True,
43697,True,
43698,True,
43699,True,
43761,True,
43765,True,
43766,True,
43767,True,
43768,True,
43773,True,
43796,True,
43842,True,
43843,True,
43844,True,
43856,True,
43857,True,
43858,True,
43859,True,
43860,True,
43861,True,
43863,True,
43865,True,
43866,True,
43867,True,
43868,True,
43869,True,
43883,True,
43886,True,
43899,True,
43911,True,
43962,True,
43965,True,
44092,True,
44110,True,
44169,True,
44236,True,
44342,True,
44347,True,
44354,True,
44355,True,
44777,True,
44778,True,
44779,True,
44780,True,
44781,True,
44782,True,
44791,True,
44792,True,
44793,True,
44794,True,
44795,True,
44796,True,
44797,True,
44798,True,
44799,True,
44800,True,
44801,True,
44802,True,
44803,True,
44804,True,
44805,True,
44806,True,
44809,True,
44820,True,
44821,True,
44822,True,
44823,True,
44848,True,
44849,True,
44850,True,
44851,True,
44853,True,
44854,True,
44917,True,
44918,True,
44946,True,
44947,True,
44948,True,
44949,True,
44950,True,
44951,True,
44952,True,
45055,True,
45099,True,
45100,True,
45101,True,
45102,True,
45103,True,
45119,True,
45122,True,
45125,True,
45126,True,
45127,True,
45128,True,
45149,True,
45150,True,
45151,True,
45152,True,
45153,True,
45154,True,
45335,True,
45387,True,
45388,True,
45389,True,
45390,True,
45391,True,
45392,True,
45393,True,
45474,True,
45475,True,
45508,True,
45513,True,
45514,True,
45515,True,
45516,True,
45517,True,
45518,True,
45519,True,
45520,True,
45521,True,
45522,True,
45523,True,
45934,True,
45941,True,
46024,True,
46043,True,
46058,True,
46068,True,
46078,True,
46079,True,
46157,True,
46158,True,
46159,True,
46160,True,
46161,True,
46162,True,
46238,True,
46241,True,
46525,True,
46611,True,
46711,True,
46717,True,
46718,True,
46720,True,
46726,True,
46732,True,
46733,True,
46736,True,
46839,True,
46840,True,
46841,True,
46842,True,
46844,True,
46846,True,
46854,True,
46855,True,
46928,True,
46930,True,
47032,True,
47068,True,
47069,True,
47070,True,
47071,True,
47072,True,
47073,True,
47074,True,
47075,True,
47076,True,
47077,True,
47100,True,
47192,True,
47193,True,
47194,True,
47195,True,
47196,True,
47197,True,
47198,True,
47199,True,
47200,True,
47201,True,
47202,True,
47260,True,
47471,True,
47506,True,
47510,True,
47526,True,
47628,True,
47657,True,
47658,True,
47659,True,
47660,True,
47661,True,
47662,True,
47663,True,
47665,True,
47666,True,
47670,True,
47671,True,
47707,True,
47826,True,
47835,True,
47865,True,
47868,True,
47894,True,
47895,True,
47896,True,
47897,True,
47916,True,
47921,True,
48015,True,
48042,True,
48043,True,
48044,True,
48046,True,
48269,True,
48293,True,
48307,True,
48317,True,
48367,True,
48368,True,
48369,True,
48437,True,
48439,True,
48440,True,
48442,True,
48443,True,
48444,True,
48446,True,
48450,True,
48452,True,
48453,True,
48454,True,
48456,True,
48457,True,
48462,True,
48463,True,
48464,True,
48465,True,
48466,True,
48488,True,
48489,True,
48491,True,
48492,True,
48493,True,
48494,True,
48763,True,
48808,True,
48815,True,
48861,True,
48862,True,
48863,True,
48864,True,
48865,True,
48931,True,
48990,True,
48999,True,
49029,True,
49030,True,
49039,True,
49061,True,
49062,True,
49064,True,
49066,True,
49067,True,
49068,True,
49070,True,
49071,True,
49072,True,
49073,True,
49394,True,
49401,True,
49407,True,
49408,True,
49441,True,
49473,True,
49476,True,
49477,True,
49478,True,
49479,True,
49812,True,
49817,True,
49842,True,
49843,True,
49844,True,
49845,True,
49846,True,
49847,True,
49848,True,
49849,True,
49856,True,
49857,True,
50264,True,
50272,True,
50276,True,
50283,True,
50323,True,
50444,True,
50445,True,
50446,True,
50447,True,
50448,True,
50449,True,
50539,True,
50543,True,
50752,True,
50753,True,
50754,True,
50836,True,
50952,True,
50955,True,
50956,True,
51004,True,
51005,True,
51006,True,
51111,True,
51112,True,
51113,True,
51114,True,
51115,True,
51117,True,
51118,True,
51120,True,
51157,True,
51158,True,
51203,True,
51260,True,
51261,True,
51262,True,
51263,True,
51265,True,
51267,True,
51268,True,
51269,True,
51271,True,
51272,True,
51273,True,
51274,True,
51275,True,
51276,True,
51278,True,
51291,True,
51292,True,
51301,True,
51305,True,
51333,True,
51479,True,
51655,True,
51659,True,
51661,True,
51776,True,
51784,True,
51785,True,
51918,True,
51919,True,
51923,True,
51954,True,
51991,True,
51992,True,
51998,True,
51999,True,
52000,True,
52001,True,
52034,True,
52035,True,
52036,True,
52037,True,
52039,True,
52040,True,
52041,True,
52042,True,
52044,True,
52045,True,
52118,True,
52119,True,
52120,True,
52121,True,
52122,True,
52123,True,
52124,True,
52125,True,
52126,True,
52127,True,
52128,True,
52129,True,
52141,True,
52375,True,
52380,True,
52389,True,
52393,True,
52409,True,
52446,True,
52447,True,
52448,True,
52449,True,
52451,True,
52452,True,
52500,True,
52501,True,
52502,True,
52508,True,
52522,True,
52579,True,
52628,True,
52629,True,
52630,True,
52631,True,
52632,True,
52633,True,
52634,True,
52635,True,
52636,True,
52637,True,
52638,True,
52639,True,
52641,True,
52642,True,
52644,True,
52645,True,
52646,True,
52647,True,
52648,True,
52649,True,
52650,True,
52859,True,
52860,True,
52861,True,
52862,True,
52945,True,
52946,True,
52947,True,
52948,True,
52950,True,
52951,True,
52953,True,
52954,True,
52955,True,
53152,True,
53154,True,
53156,True,
53157,True,
53158,True,
53159,True,
53160,True,
53228,True,
53229,True,
53299,True,
53300,True,
53301,True,
53302,True,
53379,True,
53381,True,
53457,True,
53496,True,
53576,True,
53578,True,
53586,True,
53587,True,
53588,True,
53589,True,
53591,True,
53592,True,
53675,True,
53723,True,
53724,True,
53725,True,
53726,True,
53727,True,
53728,True,
53729,True,
53807,True,
53862,True,
53863,True,
53937,True,
54019,True,
54031,True,
54032,True,
54033,True,
54034,True,
54037,True,
54039,True,
54061,True,
54062,True,
54063,True,
54064,True,
54149,True,
54150,True,
54151,True,
54152,True,
54153,True,
54154,True,
54155,True,
54156,True,
54158,True,
54159,True,
54160,True,
54163,True,
54234,True,
54235,True,
54236,True,
54237,True,
54297,True,
54335,True,
54365,True,
54376,True,
54433,True,
54436,True,
54437,True,
54438,True,
54442,True,
54443,True,
54463,True,
54464,True,
54465,True,
54466,True,
54467,True,
54468,True,
54469,True,
54470,True,
54475,True,
54476,True,
54479,True,
54480,True,
54481,True,
54482,True,
54496,True,
54554,True,
54568,True,
54570,True,
54576,True,
54578,True,
54580,True,
54621,True,
54623,True,
54624,True,
54625,True,
54626,True,
54662,True,
54664,True,
54665,True,
54666,True,
54667,True,
54703,True,
54719,True,
54735,True,
54753,True,
54874,True,
54942,True,
55076,True,
55097,True,
55100,True,
55101,True,
55102,True,
55113,True,
55119,True,
55120,True,
55121,True,
55122,True,
55123,True,
55124,True,
55149,True,
55183,True,
55186,True,
55231,True,
55232,True,
55233,True,
55234,True,
55235,True,
55236,True,
55237,True,
55238,True,
55240,True,
55241,True,
55242,True,
55285,True,
55286,True,
55287,True,
55288,True,
55289,True,
55290,True,
55291,True,
55292,True,
55293,True,
55294,True,
55295,True,
55402,True,
55430,True,
55436,True,
55437,True,
55480,True,
55481,True,
55549,True,
55572,True,
55709,True,
55710,True,
55711,True,
55712,True,
55713,True,
55714,True,
55715,True,
55716,True,
55717,True,
55718,True,
55719,True,
55782,True,
55783,True,
55786,True,
55807,True,
55808,True,
55809,True,
55810,True,
55811,True,
55826,True,
55827,True,
55828,True,
55830,True,
55831,True,
55832,True,
55833,True,
55900,True,
56010,True,
56015,True,
56020,True,
56028,True,
56029,True,
56030,True,
56031,True,
56033,True,
56034,True,
56036,True,
56247,True,
56248,True,
56249,True,
56273,True,
56274,True,
56275,True,
56460,True,
56465,True,
56466,True,
56467,True,
56468,True,
56469,True,
56470,True,
56471,True,
56472,True,
56474,True,
56493,True,
56495,True,
56496,True,
56497,True,
56498,True,
56499,True,
56516,True,
56517,True,
56518,True,
56519,True,
56520,True,
56521,True,
56523,True,
56552,True,
56559,True,
56639,True,
56640,True,
56641,True,
56645,True,
56646,True,
56648,True,
56649,True,
56650,True,
56651,True,
56686,True,
56687,True,
56688,True,
56689,True,
56690,True,
56691,True,
56692,True,
56693,True,
56694,True,
56695,True,
56696,True,
56795,True,
56796,True,
56797,True,
56798,True,
56799,True,
56800,True,
56801,True,
56802,True,
56803,True,
56804,True,
56805,True,
56874,True,
56888,True,
56895,True,
56929,True,
57078,True,
57164,True,
57175,True,
57176,True,
57177,True,
57178,True,
57179,True,
57180,True,
57271,True,
57272,True,
57273,True,
57274,True,
57344,True,
57360,True,
57371,True,
57417,True,
57418,True,
57435,True,
57437,True,
57439,True,
57440,True,
57442,True,
57500,True,
57540,True,
57569,True,
57626,True,
57627,True,
57628,True,
57629,True,
57630,True,
57639,True,
57640,True,
57648,True,
57658,True,
57661,True,
57662,True,
57663,True,
57665,True,
57691,True,
57697,True,
57819,True,
57820,True,
57821,True,
57822,True,
57823,True,
57891,True,
57892,True,
57936,True,
57937,True,
57938,True,
57939,True,
57943,True,
57968,True,
58052,True,
58053,True,
58054,True,
58060,True,
58061,True,
58063,True,
58068,True,
58070,True,
58115,True,
58116,True,
58117,True,
58135,True,
58140,True,
58161,True,
58162,True,
58164,True,
58166,True,
58169,True,
58170,True,
58173,True,
58174,True,
58207,True,
58212,True,
58213,True,
58215,True,
58221,True,
58225,True,
58333,True,
58334,True,
58341,True,
58474,True,
58539,True,
58540,True,
58541,True,
58542,True,
58543,True,
59078,True,
59373,True,
59374,True,
59443,True,
59445,True,
59446,True,
59448,True,
59449,True,
59451,True,
59454,True,
59561,True,
59562,True,
59581,True,
59653,True,
59654,True,
59656,True,
59657,True,
59658,True,
59659,True,
59660,True,
59663,True,
59664,True,
59666,True,
59667,True,
59669,True,
59671,True,
59673,True,
59675,True,
59676,True,
59677,True,
59678,True,
59679,True,
59680,True,
59681,True,
59682,True,
59683,True,
59684,True,
59685,True,
59686,True,
59687,True,
59688,True,
59695,True,
59702,True,
59706,True,
59707,True,
59708,True,
59709,True,
59710,True,
59711,True,
59718,True,
59719,True,
59720,True,
59721,True,
59723,True,
59724,True,
59725,True,
59726,True,
59727,True,
59823,True,
59876,True,
59930,True,
60037,True,
60038,True,
60041,True,
60042,True,
60045,True,
60048,True,
60074,True,
60143,True,
60144,True,
60145,True,
60146,True,
60170,True,
60317,True,
60331,True,
60472,True,
60474,True,
60476,True,
60477,True,
60478,True,
60510,True,
60533,True,
60534,True,
60535,True,
60536,True,
60537,True,
60544,True,
60547,True,
60548,True,
60549,True,
60736,True,
60753,True,
60754,True,
60755,True,
60756,True,
60757,True,
60758,True,
60775,True,
60776,True,
60777,True,
60857,True,
60864,True,
60865,True,
60871,True,
60872,True,
60873,True,
60874,True,
60875,True,
60994,True,
61006,True,
61007,True,
61008,True,
61010,True,
61011,True,
61012,True,
61013,True,
61159,True,
61160,True,
61161,True,
61172,True,
61174,True,
61175,True,
61452,True,
61453,True,
61491,True,
61492,True,
61493,True,
61587,True,
61589,True,
61591,True,
61592,True,
61668,True,
61670,True,
61679,True,
61734,True,
61736,True,
61742,True,
61814,True,
61820,True,
61821,True,
61884,True,
62001,True,
62003,True,
62005,True,
62007,True,
62163,True,
62164,True,
62165,True,
62180,True,
62183,True,
62184,True,
62185,True,
62186,True,
62187,True,
62188,True,
62189,True,
62190,True,
62191,True,
62192,True,
62193,True,
62194,True,
62195,True,
62196,True,
62337,True,
62426,True,
62436,True,
62445,True,
62446,True,
62448,True,
62449,True,
62450,True,
62452,True,
62458,True,
62525,True,
62526,True,
62527,True,
62528,True,
62529,True,
62531,True,
62532,True,
62533,True,
62534,True,
62586,True,
62589,True,
62591,True,
62592,True,
62594,True,
62595,True,
62596,True,
62655,True,
62671,True,
62742,True,
62748,True,
62749,True,
62750,True,
62751,True,
62753,True,
63043,True,
63044,True,
63045,True,
63064,True,
63065,True,
63117,True,
63149,True,
63159,True,
63161,True,
63191,True,
63208,True,
63224,True,
63226,True,
63250,True,
63251,True,
63252,True,
63253,True,
63255,True,
63257,True,
63258,True,
63287,True,
63289,True,
63290,True,
63291,True,
63292,True,
63456,True,
63457,True,
63470,True,
63471,True,
63472,True,
63626,True,
63655,True,
63733,True,
63747,True,
63755,True,
63757,True,
63770,True,
63789,True,
63803,True,
63804,True,
63805,True,
63874,True,
63900,True,
63908,True,
63922,True,
63936,True,
63999,True,
64005,True,
64006,True,
64007,True,
64008,True,
64009,True,
64035,True,
64078,True,
64079,True,
64091,True,
64093,True,
64247,True,
64248,True,
64249,True,
64252,True,
64253,True,
64331,True,
64332,True,
64333,True,
64334,True,
64338,True,
64364,True,
64365,True,
64366,True,
64407,True,
64408,True,
64409,True,
64410,True,
64515,True,
64516,True,
64517,True,
64519,True,
64520,True,
64521,True,
64522,True,
64523,True,
64535,True,
64536,True,
64537,True,
64538,True,
64542,True,
64553,True,
64556,True,
64567,True,
64590,True,
64591,True,
64592,True,
64593,True,
64594,True,
64601,True,
64604,True,
64618,True,
64625,True,
64626,True,
64627,True,
64628,True,
64629,True,
64630,True,
64631,True,
64659,True,
64787,True,
64788,True,
64789,True,
64796,True,
64809,True,
64834,True,
64840,True,
64841,True,
64854,True,
64855,True,
64856,True,
64857,True,
64858,True,
64859,True,
64860,True,
64861,True,
64862,True,
64863,True,
64864,True,
64865,True,
64866,True,
64893,True,
64895,True,
64896,True,
64918,True,
64919,True,
64988,True,
64989,True,
64990,True,
64991,True,
64992,True,
64993,True,
64994,True,
64995,True,
65037,True,
65038,True,
65039,True,
65040,True,
65063,True,
65064,True,
65073,True,
65076,True,
65077,True,
65090,True,
65234,True,
65265,True,
65488,True,
65619,True,
65683,True,
65685,True,
65745,True,
65752,True,
65755,True,
65756,True,
65777,True,
65779,True,
65780,True,
65893,True,
66058,True,
66073,True,
66074,True,
66075,True,
66076,True,
66180,True,
66187,True,
66390,True,
66394,True,
66405,True,
66469,True,
66482,True,
66483,True,
66525,True,
66534,True,
66535,True,
66536,True,
66537,True,
66538,True,
66539,True,
66636,True,
66637,True,
66638,True,
66641,True,
66643,True,
66644,True,
66646,True,
66648,True,
66649,True,
66650,True,
66689,True,
66690,True,
66717,True,
66757,True,
66782,True,
66783,True,
67007,True,
67010,True,
67011,True,
67016,True,
67017,True,
67121,True,
67163,True,
67232,True,
67233,True,
67235,True,
67237,True,
67308,True,
67330,True,
67331,True,
67332,True,
67333,True,
67334,True,
67336,True,
67357,True,
67358,True,
67359,True,
67360,True,
67361,True,
67362,True,
67363,True,
67364,True,
67365,True,
67366,True,
67367,True,
67368,True,
67412,True,
67457,True,
67470,True,
67500,True,
67553,True,
67556,True,
67557,True,
67558,True,
67597,True,
67598,True,
67600,True,
67637,True,
67638,True,
67639,True,
67640,True,
67660,True,
67661,True,
67673,True,
67707,True,
67760,True,
67763,True,
67764,True,
67765,True,
67766,True,
67784,True,
67793,True,
67829,True,
68353,True,
68354,True,
68355,True,
68356,True,
68404,True,
68407,True,
68410,True,
68444,True,
68531,True,
68536,True,
68537,True,
68538,True,
68539,True,
68540,True,
68541,True,
68543,True,
68549,True,
68551,True,
68573,True,
68579,True,
68582,True,
68587,True,
68592,True,
68600,True,
68601,True,
68680,True,
68682,True,
68683,True,
68820,True,
68821,True,
68837,True,
68838,True,
68839,True,
68840,True,
68841,True,
68842,True,
68843,True,
68844,True,
68851,True,
68852,True,
68853,True,
68854,True,
68860,True,
68861,True,
68862,True,
68869,True,
68872,True,
68875,True,
68891,True,
68892,True,
68893,True,
68894,True,
68895,True,
68896,True,
68897,True,
68898,True,
68899,True,
68909,True,
69001,True,
69002,True,
69170,True,
69181,True,
69182,True,
69188,True,
69193,True,
69194,True,
69195,True,
69196,True,
69197,True,
69198,True,
69199,True,
69200,True,
69201,True,
69202,True,
69203,True,
69204,True,
69205,True,
69206,True,
69207,True,
69208,True,
69209,True,
69210,True,
69211,True,
69221,True,
69222,True,
69223,True,
69303,True,
69554,True,
69555,True,
69561,True,
69563,True,
69564,True,
69567,True,
69682,True,
69723,True,
69726,True,
69727,True,
69732,True,
69744,True,
69745,True,
69746,True,
69747,True,
69761,True,
69762,True,
69763,True,
69764,True,
69765,True,
69766,True,
69767,True,
69768,True,
69781,True,
69784,True,
69785,True,
69787,True,
69788,True,
69789,True,
69791,True,
69792,True,
69793,True,
69798,True,
69822,True,
69823,True,
69824,True,
69825,True,
69826,True,
69827,True,
69828,True,
69830,True,
69833,True,
69904,True,
69947,True,
69949,True,
69985,True,
70002,True,
70005,True,
70174,True,
70206,True,
70207,True,
70208,True,
70299,True,
70300,True,
70301,True,
70302,True,
70303,True,
70402,True,
70403,True,
70409,True,
70423,True,
70424,True,
70425,True,
70426,True,
70654,True,
70655,True,
70657,True,
70660,True,
70768,True,
70770,True,
70772,True,
70773,True,
70774,True,
70775,True,
70813,True,
70873,True,
70875,True,
70878,True,
70879,True,
71096,True,
71133,True,
71157,True,
71158,True,
71172,True,
71173,True,
71174,True,
71175,True,
71216,True,
71225,True,
71228,True,
71230,True,
71231,True,
71240,True,
71241,True,
71242,True,
71243,True,
71244,True,
71245,True,
71246,True,
71247,True,
71248,True,
71249,True,
71250,True,
71251,True,
71252,True,
71253,True,
71254,True,
71255,True,
71276,True,
71303,True,
71304,True,
71371,True,
71372,True,
71420,True,
71503,True,
71506,True,
71507,True,
71508,True,
71509,True,
71510,True,
71511,True,
71512,True,
71513,True,
71514,True,
71515,True,
71516,True,
71617,True,
71620,True,
71622,True,
71690,True,
71691,True,
71692,True,
71693,True,
71694,True,
71695,True,
71709,True,
71711,True,
71714,True,
71715,True,
71719,True,
71721,True,
71722,True,
71822,True,
71884,True,
71885,True,
71937,True,
71938,True,
72046,True,
72047,True,
72050,True,
72056,True,
72058,True,
72059,True,
72064,True,
72067,True,
72068,True,
72069,True,
72070,True,
72071,True,
72072,True,
72073,True,
72074,True,
72075,True,
72076,True,
72129,True,
72130,True,
72131,True,
72134,True,
72135,True,
72136,True,
72146,True,
72149,True,
72200,True,
72206,True,
72210,True,
72215,True,
72232,True,
72233,True,
72234,True,
72287,True,
72288,True,
72289,True,
72290,True,
72456,True,
72468,True,
72476,True,
72477,True,
72513,True,
72514,True,
72562,True,
72565,True,
72570,True,
72604,True,
72605,True,
72607,True,
72612,True,
72738,True,
72781,True,
72782,True,
72783,True,
72784,True,
72785,True,
72786,True,
72787,True,
72788,True,
72789,True,
72790,True,
72926,True,
72927,True,
72928,True,
72930,True,
73087,True,
73099,True,
73100,True,
73123,True,
73124,True,
73125,True,
73169,True,
73170,True,
73171,True,
73172,True,
73174,True,
73175,True,
73192,True,
73193,True,
73306,True,
73309,True,
73318,True,
73335,True,
73340,True,
73341,True,
73342,True,
73343,True,
73344,True,
73363,True,
73365,True,
73366,True,
73367,True,
73368,True,
73369,True,
73370,True,
73371,True,
73372,True,
73465,True,
73466,True,
73467,True,
73468,True,
73469,True,
73486,True,
73494,True,
73495,True,
73519,True,
73520,True,
73521,True,
73522,True,
73550,True,
73551,True,
73560,True,
73561,True,
73564,True,
73565,True,
73566,True,
73568,True,
73572,True,
73573,True,
73580,True,
73584,True,
73585,True,
73587,True,
73658,True,
73675,True,
73760,True,
73761,True,
73762,True,
73763,True,
73764,True,
73765,True,
73766,True,
73767,True,
73768,True,
73769,True,
73770,True,
73771,True,
73772,True,
73773,True,
73774,True,
73775,True,
73776,True,
73777,True,
73778,True,
73779,True,
73792,True,
73797,True,
73819,True,
73820,True,
73821,True,
73822,True,
73921,True,
74002,True,
74302,True,
74347,True,
74348,True,
74362,True,
74365,True,
74370,True,
74371,True,
74372,True,
74373,True,
74374,True,
74375,True,
74376,True,
74377,True,
74378,True,
74380,True,
74381,True,
74382,True,
74383,True,
74384,True,
74385,True,
74386,True,
74387,True,
74388,True,
74389,True,
74390,True,
74391,True,
74392,True,
74393,True,
74421,True,
74445,True,
74546,True,
74669,True,
74671,True,
74706,True,
74908,True,
74937,True,
74942,True,
74945,True,
74954,True,
74955,True,
74959,True,
74960,True,
75194,True,
75211,True,
75221,True,
75230,True,
75304,True,
75310,True,
75314,True,
75317,True,
75371,True,
75372,True,
75373,True,
75374,True,
75375,True,
75376,True,
75377,True,
75378,True,
75379,True,
75380,True,
75381,True,
75383,True,
75386,True,
75389,True,
75390,True,
75391,True,
75393,True,
75395,True,
75396,True,
75398,True,
75399,True,
75401,True,
75403,True,
75412,True,
75415,True,
75417,True,
75418,True,
75419,True,
75420,True,
75425,True,
75427,True,
75428,True,
75429,True,
75430,True,
75431,True,
75432,True,
75433,True,
75434,True,
75435,True,
75436,True,
75437,True,
75438,True,
75439,True,
75440,True,
75441,True,
75442,True,
75443,True,
75607,True,
75612,True,
75692,True,
75745,True,
75746,True,
75747,True,
75748,True,
75749,True,
75750,True,
75751,True,
75752,True,
75754,True,
75755,True,
75762,True,
75763,True,
75764,True,
75782,True,
75783,True,
75784,True,
75785,True,
75786,True,
75787,True,
75788,True,
75844,True,
75862,True,
75866,True,
75869,True,
75883,True,
75903,True,
75908,True,
75925,True,
75926,True,
75927,True,
75928,True,
75929,True,
75930,True,
75931,True,
75932,True,
75933,True,
75935,True,
75936,True,
75937,True,
75975,True,
76036,True,
76069,True,
76071,True,
76072,True,
76073,True,
76074,True,
76075,True,
76076,True,
76077,True,
76078,True,
76079,True,
76121,True,
76128,True,
76129,True,
76130,True,
76131,True,
76363,True,
76375,True,
76381,True,
76437,True,
76440,True,
76654,True,
76659,True,
77517,True,
77519,True,
77521,True,
77522,True,
77523,True,
77564,True,
77571,True,
77572,True,
77952,True,
78038,True,
78156,True,
78213,True,
78516,True,
78833,True,
78834,True,
78839,True,
78841,True,
78843,True,
78845,True,
78847,True,
78848,True,
78849,True,
78850,True,
78851,True,
78852,True,
78984,True,
78998,True,
79087,True,
79575,True,
79593,True,
79605,True,
79606,True,
79610,True,
79616,True,
79741,True,
79973,True,
79975,True,
79977,True,
79978,True,
79985,True,
79986,True,
79988,True,
79990,True,
79995,True,
80000,True,
80001,True,
80002,True,
80003,True,
80004,True,
80005,True,
80035,True,
80293,True,
80341,True,
80351,True,
80389,True,
80402,True,
80515,True,
80516,True,
80517,True,
80518,True,
80519,True,
80520,True,
80611,True,
80680,True,
80686,True,
80687,True,
80693,True,
80694,True,
80695,True,
80696,True,
80697,True,
80751,True,
80753,True,
80754,True,
80755,True,
80756,True,
80758,True,
80765,True,
80766,True,
80772,True,
80773,True,
80774,True,
80775,True,
80776,True,
80793,True,
80833,True,
80834,True,
80835,True,
80836,True,
81033,True,
81037,True,
81071,True,
81082,True,
81083,True,
81084,True,
81085,True,
81189,True,
81193,True,
81194,True,
81195,True,
81362,True,
81365,True,
81436,True,
81457,True,
81485,True,
81491,True,
81512,True,
81523,True,
81543,True,
81554,True,
81555,True,
81565,True,
81576,True,
81586,True,
81600,True,
81612,True,
81613,True,
81623,True,
81638,True,
81650,True,
81660,True,
81781,True,
81782,True,
81792,True,
81802,True,
81803,True,
81814,True,
81868,True,
81895,True,
81938,True,
81945,True,
81946,True,
81988,True,
81999,True,
82157,True,
82231,True,
82237,True,
82242,True,
82250,True,
82410,True,
82462,True,
82464,True,
82505,True,
82507,True,
82628,True,
82629,True,
82630,True,
82631,True,
82778,True,
82780,True,
82881,True,
82886,True,
82890,True,
82892,True,
82893,True,
82914,True,
82915,True,
82916,True,
82917,True,
82918,True,
82919,True,
82920,True,
82921,True,
82928,True,
82929,True,
82930,True,
82931,True,
82932,True,
83437,True,
83438,True,
83439,True,
83440,True,
83507,True,
83509,True,
83511,True,
83512,True,
83558,True,
83600,True,
83612,True,
83613,True,
83715,True,
83717,True,
83718,True,
83719,True,
83789,True,
83790,True,
83791,True,
83898,True,
83903,True,
83906,True,
83908,True,
83911,True,
83913,True,
83954,True,
83960,True,
83969,True,
84009,True,
84054,True,
84055,True,
84056,True,
84057,True,
84058,True,
84091,True,
84095,True,
84096,True,
84097,True,
84111,True,
84135,True,
84136,True,
84139,True,
84141,True,
84142,True,
84144,True,
84152,True,
84154,True,
84155,True,
84156,True,
84157,True,
84158,True,
84159,True,
84195,True,
84198,True,
84200,True,
84201,True,
84202,True,
84264,True,
84290,True,
84291,True,
84405,True,
84417,True,
84423,True,
84483,True,
84484,True,
84485,True,
84486,True,
84605,True,
84736,True,
84743,True,
84757,True,
84768,True,
84777,True,
84788,True,
84817,True,
85027,True,
85038,True,
85039,True,
85040,True,
85041,True,
85290,True,
85291,True,
85307,True,
85308,True,
85309,True,
85310,True,
85311,True,
85317,True,
85318,True,
85343,True,
85346,True,
85347,True,
85400,True,
85419,True,
85420,True,
85421,True,
85422,True,
85423,True,
85424,True,
85425,True,
85426,True,
85427,True,
85428,True,
85436,True,
85438,True,
85482,True,
85484,True,
85485,True,
85486,True,
85487,True,
85488,True,
85489,True,
85490,True,
85491,True,
85492,True,
85494,True,
85592,True,
85593,True,
85594,True,
85595,True,
85596,True,
85598,True,
85599,True,
85600,True,
85691,True,
85692,True,
85693,True,
85787,True,
85788,True,
85791,True,
85792,True,
85816,True,
85817,True,
85822,True,
85823,True,
85828,True,
85831,True,
85832,True,
85833,True,
85834,True,
85835,True,
85836,True,
85837,True,
85838,True,
85839,True,
85840,True,
85950,True,
85951,True,
85952,True,
85953,True,
85954,True,
85955,True,
85956,True,
85957,True,
85963,True,
85966,True,
85967,True,
85968,True,
85973,True,
86037,True,
86038,True,
86039,True,
86040,True,
86077,True,
86081,True,
86082,True,
86116,True,
86117,True,
86118,True,
86119,True,
86140,True,
86256,True,
86259,True,
86262,True,
86263,True,
86415,True,
86416,True,
86417,True,
86419,True,
86441,True,
86443,True,
86481,True,
86482,True,
86483,True,
86484,True,
86485,True,
86486,True,
86487,True,
86562,True,
86576,True,
86623,True,
86634,True,
86678,True,
86679,True,
86680,True,
86720,True,
86721,True,
86724,True,
86725,True,
86730,True,
86761,True,
86762,True,
86763,True,
86788,True,
86793,True,
86795,True,
86799,True,
86993,True,
87068,True,
87069,True,
87070,True,
87096,True,
87097,True,
87098,True,
87099,True,
87100,True,
87101,True,
87102,True,
87103,True,
87104,True,
87105,True,
87106,True,
87107,True,
87108,True,
87121,True,
87151,True,
87152,True,
87153,True,
87154,True,
87155,True,
87157,True,
87158,True,
87159,True,
87160,True,
87161,True,
87185,True,
87186,True,
87187,True,
87188,True,
87189,True,
87190,True,
87191,True,
87192,True,
87193,True,
87194,True,
87237,True,
87322,True,
87323,True,
87324,True,
87325,True,
87361,True,
87362,True,
87363,True,
87377,True,
87430,True,
87431,True,
87490,True,
87639,True,
87641,True,
87642,True,
87643,True,
87644,True,
87645,True,
87965,True,
87966,True,
87967,True,
87968,True,
87971,True,
87972,True,
88428,True,
88429,True,
88485,True,
88486,True,
88846,True,
88848,True,
88854,True,
88856,True,
88858,True,
88860,True,
88861,True,
88863,True,
88864,True,
88867,True,
88868,True,
88869,True,
88870,True,
88871,True,
88872,True,
88873,True,
88874,True,
88875,True,
88876,True,
88877,True,
88878,True,
88879,True,
88892,True,
88899,True,
88900,True,
88959,True,
88960,True,
89178,True,
89179,True,
89192,True,
89195,True,
89196,True,
89212,True,
89350,True,
89376,True,
89441,True,
89445,True,
89447,True,
89456,True,
89473,True,
89474,True,
89477,True,
89482,True,
89484,True,
89485,True,
89486,True,
89639,True,
89704,True,
89814,True,
89815,True,
89816,True,
89817,True,
89841,True,
89843,True,
89846,True,
89847,True,
89848,True,
89857,True,
89859,True,
89860,True,
89991,True,
89992,True,
90027,True,
90074,True,
90278,True,
90526,True,
90527,True,
90529,True,
90530,True,
90570,True,
90579,True,
90582,True,
90583,True,
90587,True,
90589,True,
90590,True,
90591,True,
90592,True,
90616,True,
90617,True,
90618,True,
90625,True,
90639,True,
90652,True,
90695,True,
90804,True,
90824,True,
90826,True,
90828,True,
90982,True,
90987,True,
90993,True,
91081,True,
91082,True,
91083,True,
91084,True,
91085,True,
91086,True,
91087,True,
91088,True,
91089,True,
91092,True,
91093,True,
91098,True,
91102,True,
91130,True,
91157,True,
91158,True,
91159,True,
91160,True,
91161,True,
91162,True,
91163,True,
91164,True,
91170,True,
91177,True,
91178,True,
91179,True,
91181,True,
91182,True,
91183,True,
91184,True,
91185,True,
91186,True,
91187,True,
91205,True,
91228,True,
91238,True,
91306,True,
91309,True,
91312,True,
91315,True,
91317,True,
91318,True,
91319,True,
91329,True,
91349,True,
91443,True,
91455,True,
91458,True,
91459,True,
91468,True,
91471,True,
91619,True,
91620,True,
91621,True,
91622,True,
91623,True,
91624,True,
91625,True,
91755,True,
91788,True,
91790,True,
91791,True,
91793,True,
91796,True,
91797,True,
91851,True,
91868,True,
91869,True,
91894,True,
91897,True,
91899,True,
91900,True,
91933,True,
91934,True,
91936,True,
91937,True,
91938,True,
91958,True,
91960,True,
92124,True,
92125,True,
92129,True,
92130,True,
92131,True,
92206,True,
92275,True,
92282,True,
92283,True,
92284,True,
92292,True,
92366,True,
92466,True,
92508,True,
92535,True,
92536,True,
92538,True,
92539,True,
92540,True,
92546,True,
92548,True,
92549,True,
92551,True,
92554,True,
92556,True,
92561,True,
92562,True,
92564,True,
92565,True,
92573,True,
92574,True,
92868,True,
92872,True,
92873,True,
92874,True,
92878,True,
92881,True,
92885,True,
92886,True,
92887,True,
92888,True,
92889,True,
92947,True,
92948,True,
92949,True,
92950,True,
92951,True,
92952,True,
92953,True,
92954,True,
92955,True,
93074,True,
93075,True,
93076,True,
93363,True,
93364,True,
93518,True,
93519,True,
93520,True,
93521,True,
93522,True,
93523,True,
93704,True,
93710,True,
93712,True,
93716,True,
93727,True,
93867,True,
93868,True,
93915,True,
93917,True,
93918,True,
93919,True,
93920,True,
93921,True,
93940,True,
93941,True,
93942,True,
93943,True,
93944,True,
93950,True,
93956,True,
93981,True,
93983,True,
93985,True,
93986,True,
94026,True,
94033,True,
94034,True,
94035,True,
94036,True,
94037,True,
94038,True,
94039,True,
94093,True,
94099,True,
94101,True,
94102,True,
94263,True,
94348,True,
94411,True,
94414,True,
94415,True,
94419,True,
94422,True,
94423,True,
94426,True,
94449,True,
94465,True,
94467,True,
94468,True,
94628,True,
94630,True,
94631,True,
94632,True,
94634,True,
94635,True,
94638,True,
94803,True,
95189,True,
95231,True,
95248,True,
95249,True,
95250,True,
95251,True,
95308,True,
95309,True,
95310,True,
95452,True,
95486,True,
95506,True,
95535,True,
95564,True,
95722,True,
95724,True,
95725,True,
95726,True,
95727,True,
95908,True,
95910,True,
95911,True,
95912,True,
95914,True,
95915,True,
96166,True,
96167,True,
96168,True,
96169,True,
96399,True,
96400,True,
96401,True,
96402,True,
96403,True,
96408,True,
96560,True,
96627,True,
96657,True,
96675,True,
96678,True,
96692,True,
96693,True,
96694,True,
96695,True,
96696,True,
96697,True,
96698,True,
96699,True,
96718,True,
96726,True,
96728,True,
96729,True,
96730,True,
96731,True,
96738,True,
96742,True,
96743,True,
96759,True,
96898,True,
96900,True,
96901,True,
96902,True,
96935,True,
96936,True,
96944,True,
96945,True,
96946,True,
97037,True,
97041,True,
97043,True,
97211,True,
97215,True,
97216,True,
97279,True,
97283,True,
97285,True,
97286,True,
97373,True,
97374,True,
97393,True,
97404,True,
97406,True,
97407,True,
97424,True,
97540,True,
97542,True,
97544,True,
97545,True,
97547,True,
97548,True,
97568,True,
97569,True,
97570,True,
97585,True,
97586,True,
97587,True,
97588,True,
97589,True,
97590,True,
97690,True,
97691,True,
97692,True,
97697,True,
97793,True,
97794,True,
97813,True,
97814,True,
97841,True,
97844,True,
97845,True,
97846,True,
97847,True,
97848,True,
97886,True,
97887,True,
97894,True,
97940,True,
97958,True,
97959,True,
97960,True,
97961,True,
97962,True,
97980,True,
97986,True,
97987,True,
97988,True,
97989,True,
98025,True,
98026,True,
98028,True,
98031,True,
98077,True,
98202,True,
98203,True,
98204,True,
98205,True,
98206,True,
98227,True,
98228,True,
98229,True,
98235,True,
98236,True,
98237,True,
98238,True,
98251,True,
98297,True,
98298,True,
98299,True,
98300,True,
98301,True,
98302,True,
98339,True,
98346,True,
98348,True,
98349,True,
98547,True,
98548,True,
98549,True,
98550,True,
98551,True,
98552,True,
98553,True,
98554,True,
98555,True,
98556,True,
98557,True,
98565,False,Unspecified internal error.
98567,False,Unspecified internal error.
98569,False,Unspecified internal error.
98573,True,
98574,True,
98575,True,
98576,True,
98577,True,
98578,True,
98579,True,
98580,True,
98581,True,
98582,True,
98583,True,
98584,True,
98585,True,
98613,True,
98617,True,
98618,True,
98619,True,
98620,True,
98621,True,
98622,True,
98623,True,
98624,True,
98625,True,
98626,True,
98627,True,
98628,True,
98655,True,
98656,True,
98657,True,
98666,True,
98667,True,
98668,True,
98669,True,
98670,True,
98671,True,
98680,True,
98681,True,
98701,True,
98770,True,
98838,True,
99041,True,
99093,True,
99095,True,
99096,True,
99134,False,Error opening 'f:\\BRACU\\CSE425\\Project\\gnn-bert-music-context\\data/raw\\fma\\fma_small\\099\\099134.mp3': File does not exist or is not a regular file (possibly a pipe?).
99135,True,
99214,True,
99260,True,
99261,True,
99274,True,
99311,True,
99313,True,
99345,True,
99361,True,
99362,True,
99363,True,
99364,True,
99368,True,
99369,True,
99370,True,
99371,True,
99372,True,
99373,True,
99374,True,
99375,True,
99389,True,
99390,True,
99391,True,
99392,True,
99393,True,
99394,True,
99395,True,
99411,True,
99419,True,
99436,True,
99437,True,
99438,True,
99439,True,
99440,True,
99441,True,
99442,True,
99501,True,
99703,True,
99704,True,
99707,True,
100478,True,
100479,True,
100480,True,
100497,True,
100522,True,
100535,True,
100536,True,
100544,True,
100549,True,
100550,True,
100552,True,
100745,True,
100799,True,
100802,True,
100835,True,
100949,True,
100958,True,
100959,True,
100972,True,
100973,True,
100975,True,
100976,True,
101111,True,
101112,True,
101116,True,
101118,True,
101119,True,
101864,True,
101868,True,
101873,True,
101893,True,
101951,True,
102092,True,
102112,True,
102114,True,
102195,True,
103518,True,
103519,True,
103520,True,
103521,True,
103522,True,
103523,True,
103600,True,
103800,True,
103808,True,
104008,True,
104009,True,
104010,True,
104062,True,
104063,True,
104064,True,
104065,True,
104066,True,
104067,True,
104068,True,
104086,True,
104227,True,
104276,True,
104277,True,
104278,True,
104279,True,
104282,True,
104283,True,
104284,True,
104356,True,
104357,True,
104434,True,
104625,True,
104668,True,
104724,True,
104725,True,
104779,True,
104780,True,
105022,True,
105119,True,
105141,True,
105142,True,
105144,True,
105145,True,
105196,True,
105408,True,
105411,True,
105412,True,
105413,True,
105414,True,
105443,True,
105450,True,
105451,True,
105662,True,
105664,True,
105670,True,
105671,True,
105672,True,
105673,True,
105674,True,
105682,True,
105683,True,
105685,True,
105712,True,
105713,True,
105714,True,
105715,True,
105716,True,
105717,True,
105718,True,
105719,True,
105720,True,
105722,True,
105824,True,
105825,True,
105826,True,
105827,True,
105887,True,
105890,True,
105912,True,
105914,True,
105915,True,
105916,True,
105917,True,
105918,True,
105919,True,
105920,True,
106274,True,
106277,True,
106339,True,
106342,True,
106343,True,
106456,True,
106457,True,
106458,True,
106463,True,
106465,True,
106502,True,
106522,True,
106562,True,
106563,True,
106564,True,
106566,True,
106567,True,
106568,True,
106569,True,
106570,True,
106571,True,
106629,True,
106872,True,
106876,True,
106877,True,
106937,True,
106948,True,
106951,True,
106952,True,
106953,True,
106954,True,
106955,True,
106956,True,
107020,True,
107021,True,
107025,True,
107027,True,
107028,True,
107029,True,
107030,True,
107031,True,
107046,True,
107047,True,
107048,True,
107049,True,
107050,True,
107101,True,
107125,True,
107126,True,
107127,True,
107128,True,
107129,True,
107178,True,
107179,True,
107180,True,
107181,True,
107182,True,
107183,True,
107184,True,
107185,True,
107186,True,
107187,True,
107188,True,
107189,True,
107248,True,
107249,True,
107250,True,
107251,True,
107256,True,
107257,True,
107388,True,
107389,True,
107390,True,
107391,True,
107425,True,
107426,True,
107427,True,
107429,True,
107432,True,
107433,True,
107434,True,
107435,True,
107476,True,
107506,True,
107531,True,
107532,True,
107533,True,
107534,True,
107535,True,
107567,True,
107569,True,
107571,True,
107574,True,
107577,True,
107578,True,
107579,True,
107583,True,
107584,True,
107588,True,
107589,True,
107590,True,
107591,True,
107592,True,
107593,True,
107594,True,
107595,True,
107596,True,
107597,True,
107598,True,
107613,True,
107616,True,
107617,True,
107659,True,
107799,True,
107804,True,
107805,True,
107809,True,
107810,True,
107850,True,
107851,True,
107852,True,
107908,True,
107909,True,
107910,True,
107911,True,
107912,True,
107913,True,
107949,True,
107950,True,
107951,True,
107952,True,
107953,True,
107954,True,
107955,True,
107956,True,
107957,True,
108012,True,
108014,True,
108015,True,
108016,True,
108017,True,
108018,True,
108019,True,
108020,True,
108021,True,
108022,True,
108023,True,
108024,True,
108025,True,
108026,True,
108027,True,
108031,True,
108036,True,
108037,True,
108038,True,
108049,True,
108050,True,
108059,True,
108060,True,
108079,True,
108155,True,
108230,True,
108290,True,
108297,True,
108298,True,
108299,True,
108300,True,
108301,True,
108302,True,
108303,True,
108304,True,
108305,True,
108306,True,
108307,True,
108308,True,
108313,True,
108314,True,
108318,True,
108319,True,
108339,True,
108341,True,
108342,True,
108343,True,
108415,True,
108416,True,
108418,True,
108420,True,
108421,True,
108422,True,
108423,True,
108425,True,
108426,True,
108427,True,
108428,True,
108429,True,
108456,True,
108457,True,
108459,True,
108460,True,
108461,True,
108464,True,
108471,True,
108472,True,
108473,True,
108474,True,
108475,True,
108476,True,
108477,True,
108478,True,
108487,True,
108488,True,
108489,True,
108490,True,
108491,True,
108492,True,
108493,True,
108494,True,
108495,True,
108496,True,
108497,True,
108498,True,
108499,True,
108500,True,
108501,True,
108502,True,
108503,True,
108504,True,
108505,True,
108524,True,
108525,True,
108526,True,
108527,True,
108528,True,
108529,True,
108530,True,
108531,True,
108532,True,
108533,True,
108745,True,
108774,True,
108799,True,
108808,True,
108809,True,
108812,True,
108836,True,
108837,True,
108838,True,
108839,True,
108840,True,
108841,True,
108842,True,
108843,True,
108845,True,
108846,True,
108847,True,
108863,True,
108864,True,
108865,True,
108866,True,
108867,True,
108868,True,
108878,True,
108879,True,
108880,True,
108881,True,
108882,True,
108883,True,
108884,True,
108885,True,
108906,True,
108925,False,Error opening 'f:\\BRACU\\CSE425\\Project\\gnn-bert-music-context\\data/raw\\fma\\fma_small\\108\\108925.mp3': File does not exist or is not a regular file (possibly a pipe?).
108957,True,
108961,True,
108962,True,
108967,True,
108968,True,
108969,True,
108970,True,
108992,True,
109068,True,
109071,True,
109072,True,
109106,True,
109144,True,
109189,True,
109191,True,
109203,True,
109235,True,
109276,True,
109349,True,
109350,True,
109355,True,
109356,True,
109357,True,
109445,True,
109446,True,
109447,True,
109448,True,
109449,True,
109450,True,
109468,True,
109480,True,
109481,True,
109497,True,
109535,True,
109537,True,
109538,True,
109542,True,
109543,True,
109548,True,
109670,True,
109681,True,
109684,True,
109685,True,
109686,True,
109687,True,
109711,True,
109712,True,
109896,True,
109900,True,
109901,True,
109902,True,
109903,True,
109904,True,
109905,True,
109906,True,
109925,True,
109957,True,
109958,True,
109960,True,
109962,True,
109963,True,
109971,True,
109972,True,
109973,True,
109974,True,
109975,True,
109976,True,
109977,True,
109978,True,
110070,True,
110082,True,
110084,True,
110085,True,
110086,True,
110102,True,
110103,True,
110104,True,
110105,True,
110106,True,
110107,True,
110108,True,
110109,True,
110110,True,
110111,True,
110166,True,
110167,True,
110171,True,
110172,True,
110204,True,
110205,True,
110206,True,
110207,True,
110208,True,
110209,True,
110230,True,
110259,True,
110260,True,
110261,True,
110262,True,
110263,True,
110264,True,
110265,True,
110266,True,
110267,True,
110274,True,
110384,True,
110410,True,
110417,True,
110436,True,
110437,True,
110438,True,
110439,True,
110440,True,
110441,True,
110447,True,
110448,True,
110449,True,
110450,True,
110451,True,
110452,True,
110546,True,
110610,True,
110611,True,
110623,True,
110629,True,
110630,True,
110634,True,
110636,True,
110637,True,
110647,True,
110648,True,
110649,True,
110650,True,
110651,True,
110652,True,
110653,True,
110654,True,
110681,True,
110684,True,
110687,True,
110688,True,
110689,True,
110690,True,
110691,True,
110711,True,
110735,True,
110736,True,
110743,True,
110744,True,
110756,True,
110764,True,
110765,True,
110768,True,
110771,True,
110772,True,
110774,True,
110775,True,
110776,True,
110777,True,
110778,True,
110779,True,
110923,True,
110927,True,
110928,True,
110980,True,
110982,True,
110983,True,
110985,True,
111015,True,
111146,True,
111147,True,
111148,True,
111149,True,
111150,True,
111151,True,
111153,True,
111154,True,
111182,True,
111186,True,
111187,True,
111188,True,
111216,True,
111220,True,
111221,True,
111222,True,
111223,True,
111224,True,
111225,True,
111226,True,
111227,True,
111228,True,
111229,True,
111230,True,
111306,True,
111311,True,
111335,True,
111367,True,
111368,True,
111371,True,
111372,True,
111375,True,
111376,True,
111377,True,
111378,True,
111379,True,
111382,True,
111385,True,
111386,True,
111387,True,
111388,True,
111389,True,
111390,True,
111391,True,
111392,True,
111393,True,
111394,True,
111395,True,
111396,True,
111397,True,
111398,True,
111399,True,
111400,True,
111401,True,
111402,True,
111413,True,
111416,True,
111460,True,
111579,True,
111658,True,
111747,True,
111793,True,
111819,True,
111871,True,
111872,True,
111873,True,
111911,True,
111933,True,
111934,True,
111935,True,
111936,True,
111937,True,
111938,True,
111974,True,
111982,True,
111994,True,
112000,True,
112001,True,
112020,True,
112065,True,
112066,True,
112088,True,
112133,True,
112196,True,
112197,True,
112198,True,
112199,True,
112209,True,
112210,True,
112211,True,
112215,True,
112252,True,
112314,True,
112315,True,
112316,True,
112317,True,
112318,True,
112468,True,
112481,True,
112483,True,
112484,True,
112485,True,
112486,True,
112487,True,
112488,True,
112490,True,
112526,True,
112527,True,
112528,True,
112529,True,
112583,True,
112584,True,
112585,True,
112586,True,
112587,True,
112588,True,
112668,True,
112733,True,
112734,True,
112735,True,
112767,True,
112768,True,
112769,True,
112770,True,
112780,True,
112781,True,
112785,True,
112788,True,
112789,True,
112790,True,
112821,True,
112975,True,
112976,True,
112977,True,
112978,True,
113016,True,
113017,True,
113018,True,
113019,True,
113020,True,
113021,True,
113022,True,
113023,True,
113024,True,
113025,True,
113026,True,
113027,True,
113028,True,
113030,True,
113031,True,
113032,True,
113033,True,
113034,True,
113035,True,
113036,True,
113037,True,
113063,True,
113110,True,
113164,True,
113165,True,
113166,True,
113167,True,
113203,True,
113259,True,
113260,True,
113261,True,
113262,True,
113263,True,
113264,True,
113265,True,
113266,True,
113267,True,
113268,True,
113269,True,
113270,True,
113271,True,
113272,True,
113273,True,
113274,True,
113275,True,
113276,True,
113277,True,
113278,True,
113279,True,
113280,True,
113281,True,
113282,True,
113284,True,
113294,True,
113303,True,
113304,True,
113305,True,
113311,True,
113334,True,
113335,True,
113336,True,
113342,True,
113343,True,
113344,True,
113357,True,
113359,True,
113360,True,
113453,True,
113511,True,
113512,True,
113513,True,
113530,True,
113558,True,
113564,True,
113574,True,
113696,True,
113697,True,
113698,True,
113699,True,
113700,True,
113701,True,
113702,True,
113787,True,
113788,True,
113789,True,
113790,True,
113808,True,
113809,True,
113810,True,
113822,True,
113932,True,
113933,True,
113934,True,
113935,True,
113946,True,
113949,True,
113950,True,
113969,True,
113970,True,
113971,True,
113972,True,
113973,True,
114006,True,
114007,True,
114036,True,
114037,True,
114040,True,
114041,True,
114042,True,
114044,True,
114045,True,
114047,True,
114048,True,
114049,True,
114050,True,
114051,True,
114061,True,
114062,True,
114063,True,
114064,True,
114065,True,
114066,True,
114067,True,
114069,True,
114070,True,
114072,True,
114073,True,
114074,True,
114076,True,
114077,True,
114198,True,
114199,True,
114200,True,
114201,True,
114212,True,
114222,True,
114223,True,
114231,True,
114232,True,
114233,True,
114234,True,
114235,True,
114236,True,
114237,True,
114238,True,
114239,True,
114242,True,
114245,True,
114265,True,
114266,True,
114268,True,
114272,True,
114274,True,
114275,True,
114279,True,
114282,True,
114283,True,
114289,True,
114290,True,
114291,True,
114292,True,
114293,True,
114294,True,
114295,True,
114296,True,
114297,True,
114298,True,
114371,True,
114372,True,
114373,True,
114374,True,
114375,True,
114384,True,
114385,True,
114386,True,
114387,True,
114388,True,
114389,True,
114390,True,
114391,True,
114392,True,
114393,True,
114395,True,
114396,True,
114397,True,
114398,True,
114399,True,
114400,True,
114401,True,
114402,True,
114403,True,
114404,True,
114405,True,
114406,True,
114408,True,
114409,True,
114410,True,
114411,True,
114412,True,
114413,True,
114414,True,
114415,True,
114416,True,
114430,True,
114532,True,
114533,True,
114534,True,
114535,True,
114536,True,
114538,True,
114539,True,
114541,True,
114544,True,
114545,True,
114556,True,
114558,True,
114559,True,
114879,True,
114880,True,
114884,True,
114936,True,
114937,True,
114938,True,
114939,True,
114940,True,
114941,True,
114942,True,
114943,True,
114974,True,
114976,True,
115002,True,
115011,True,
115125,True,
115176,True,
115262,True,
115263,True,
115267,True,
115268,True,
115269,True,
115271,True,
115272,True,
115273,True,
115288,True,
115289,True,
115290,True,
115292,True,
115293,True,
115294,True,
115321,True,
115339,True,
115391,True,
115392,True,
115470,True,
115471,True,
115472,True,
115473,True,
115474,True,
115475,True,
115591,True,
115592,True,
115597,True,
115697,True,
115698,True,
115699,True,
115700,True,
115721,True,
115722,True,
115723,True,
115724,True,
115735,True,
115761,True,
115762,True,
115764,True,
115765,True,
115766,True,
115767,True,
115768,True,
115769,True,
115771,True,
115772,True,
115773,True,
115774,True,
115775,True,
115811,True,
115812,True,
115813,True,
115814,True,
115815,True,
115816,True,
115817,True,
115849,True,
115850,True,
115852,True,
115888,True,
115891,True,
115892,True,
115922,True,
115923,True,
115925,True,
115926,True,
115927,True,
115930,True,
115932,True,
115935,True,
115944,True,
115948,True,
116029,True,
116068,True,
116098,True,
116099,True,
116101,True,
116116,True,
116119,True,
116175,True,
116176,True,
116177,True,
116235,True,
116236,True,
116237,True,
116238,True,
116239,True,
116240,True,
116241,True,
116242,True,
116243,True,
116261,True,
116344,True,
116345,True,
116372,True,
116383,True,
116388,True,
116389,True,
116390,True,
116407,True,
116446,True,
116447,True,
116448,True,
116449,True,
116451,True,
116452,True,
116453,True,
116454,True,
116455,True,
116456,True,
116457,True,
116458,True,
116464,True,
116465,True,
116466,True,
116467,True,
116468,True,
116487,True,
116488,True,
116489,True,
116490,True,
116491,True,
116514,True,
116517,True,
116525,True,
116526,True,
116527,True,
116528,True,
116547,True,
116549,True,
116586,True,
116587,True,
116704,True,
116706,True,
116707,True,
116709,True,
116733,True,
116735,True,
116736,True,
116753,True,
116755,True,
116756,True,
116757,True,
116758,True,
116759,True,
116760,True,
116833,True,
116868,True,
116869,True,
116870,True,
116871,True,
116872,True,
116873,True,
116874,True,
116876,True,
116877,True,
116878,True,
116879,True,
116880,True,
116881,True,
116882,True,
116883,True,
117057,True,
117159,True,
117160,True,
117161,True,
117169,True,
117170,True,
117171,True,
117172,True,
117173,True,
117251,True,
117252,True,
117253,True,
117287,True,
117288,True,
117450,True,
117472,True,
117473,True,
117609,True,
117610,True,
117611,True,
117612,True,
117613,True,
117614,True,
117626,True,
117627,True,
117628,True,
117629,True,
117630,True,
117631,True,
117632,True,
117666,True,
117667,True,
117668,True,
117669,True,
117670,True,
117846,True,
117883,True,
117884,True,
117885,True,
117886,True,
117887,True,
117942,True,
117943,True,
117944,True,
117945,True,
117946,True,
117961,True,
117966,True,
117967,True,
117970,True,
117991,True,
118000,True,
118012,True,
118058,True,
118059,True,
118060,True,
118061,True,
118062,True,
118063,True,
118068,True,
118070,True,
118084,True,
118085,True,
118087,True,
118195,True,
118196,True,
118222,True,
118223,True,
118257,True,
118276,True,
118277,True,
118279,True,
118327,True,
118384,True,
118478,True,
118484,True,
118489,True,
118496,True,
118498,True,
118499,True,
118500,True,
118502,True,
118503,True,
118504,True,
118505,True,
118507,True,
118569,True,
118618,True,
118629,True,
118670,True,
118671,True,
118672,True,
118674,True,
118734,True,
118735,True,
118738,True,
118739,True,
118886,True,
118891,True,
118920,True,
118921,True,
118922,True,
118923,True,
118950,True,
118951,True,
118952,True,
118953,True,
118954,True,
118955,True,
118957,True,
118958,True,
118972,True,
118986,True,
118987,True,
118988,True,
119025,True,
119026,True,
119027,True,
119063,True,
119086,True,
119095,True,
119097,True,
119118,True,
119134,True,
119187,True,
119193,True,
119257,True,
119369,True,
119379,True,
119413,True,
119545,True,
119569,True,
119571,True,
119574,True,
119575,True,
119578,True,
119579,True,
119580,True,
119582,True,
119583,True,
119584,True,
119592,True,
119715,True,
119719,True,
119725,True,
119726,True,
119727,True,
119745,True,
119828,True,
119830,True,
119831,True,
119893,True,
119894,True,
119895,True,
119896,True,
119897,True,
119898,True,
119899,True,
119900,True,
119901,True,
119922,True,
119938,True,
119939,True,
119940,True,
119941,True,
119942,True,
119979,True,
119985,True,
119988,True,
119991,True,
119992,True,
119993,True,
119994,True,
120099,True,
120105,True,
120109,True,
120111,True,
120112,True,
120150,True,
120160,True,
120161,True,
120171,True,
120172,True,
120177,True,
120178,True,
120179,True,
120183,True,
120184,True,
120188,True,
120189,True,
120194,True,
120196,True,
120199,True,
120200,True,
120201,True,
120203,True,
120206,True,
120207,True,
120208,True,
120296,True,
120297,True,
120298,True,
120299,True,
120300,True,
120302,True,
120303,True,
120304,True,
120305,True,
120306,True,
120307,True,
120308,True,
120309,True,
120310,True,
120312,True,
120313,True,
120314,True,
120315,True,
120316,True,
120317,True,
120318,True,
120319,True,
120320,True,
120321,True,
120322,True,
120323,True,
120324,True,
120325,True,
120326,True,
120327,True,
120328,True,
120329,True,
120330,True,
120331,True,
120332,True,
120333,True,
120462,True,
120466,True,
120467,True,
120468,True,
120469,True,
120470,True,
120471,True,
120504,True,
120513,True,
120514,True,
120515,True,
120518,True,
120769,True,
120770,True,
120771,True,
120772,True,
120773,True,
120774,True,
120775,True,
120776,True,
120777,True,
120778,True,
120779,True,
120782,True,
121251,True,
121256,True,
121257,True,
121273,True,
121288,True,
121312,True,
121313,True,
121314,True,
121315,True,
121316,True,
121317,True,
121318,True,
121319,True,
121320,True,
121321,True,
121322,True,
121323,True,
121346,True,
121366,True,
121415,True,
121449,True,
121450,True,
121451,True,
121452,True,
121453,True,
121454,True,
121472,True,
121473,True,
121474,True,
121475,True,
121570,True,
121589,True,
121590,True,
121591,True,
121592,True,
121593,True,
121594,True,
121595,True,
121651,True,
121652,True,
121653,True,
121654,True,
121655,True,
121656,True,
121657,True,
121658,True,
121659,True,
121660,True,
121661,True,
121662,True,
121663,True,
121664,True,
121665,True,
121666,True,
121734,True,
121735,True,
121736,True,
121737,True,
121738,True,
121739,True,
121740,True,
121813,True,
121866,True,
121867,True,
121869,True,
121913,True,
121915,True,
121922,True,
121926,True,
121929,True,
121930,True,
121976,True,
121985,True,
121987,True,
121998,True,
122001,True,
122003,True,
122004,True,
122066,True,
122077,True,
122079,True,
122080,True,
122081,True,
122082,True,
122083,True,
122084,True,
122085,True,
122086,True,
122087,True,
122088,True,
122106,True,
122107,True,
122132,True,
122143,True,
122153,True,
122155,True,
122166,True,
122168,True,
122190,True,
122199,True,
122201,True,
122204,True,
122247,True,
122261,True,
122352,True,
122353,True,
122354,True,
122355,True,
122356,True,
122357,True,
122358,True,
122359,True,
122360,True,
122362,True,
122363,True,
122364,True,
122365,True,
122395,True,
122397,True,
122398,True,
122399,True,
122400,True,
122456,True,
122457,True,
122472,True,
122473,True,
122474,True,
122475,True,
122498,True,
122499,True,
122500,True,
122503,True,
122504,True,
122510,True,
122511,True,
122533,True,
122534,True,
122578,True,
122579,True,
122620,True,
122621,True,
122622,True,
122623,True,
122624,True,
122625,True,
122626,True,
122627,True,
122628,True,
122630,True,
122631,True,
122632,True,
122633,True,
122634,True,
122635,True,
122644,True,
122645,True,
122646,True,
122647,True,
122648,True,
122649,True,
122650,True,
122651,True,
122654,True,
122671,True,
122673,True,
122675,True,
122683,True,
122685,True,
122686,True,
122798,True,
122799,True,
122800,True,
122803,True,
122804,True,
122805,True,
122806,True,
122807,True,
122808,True,
122809,True,
122810,True,
122832,True,
122901,True,
122910,True,
122911,True,
122932,True,
122934,True,
122935,True,
122936,True,
122959,True,
122999,True,
123000,True,
123001,True,
123002,True,
123003,True,
123004,True,
123094,True,
123096,True,
123097,True,
123099,True,
123147,True,
123273,True,
123278,True,
123333,True,
123342,True,
123427,True,
123438,True,
123439,True,
123440,True,
123441,True,
123442,True,
123458,True,
123461,True,
123467,True,
123468,True,
123474,True,
123484,True,
123485,True,
123486,True,
123487,True,
123488,True,
123490,True,
123494,True,
123501,True,
123502,True,
123503,True,
123504,True,
123505,True,
123506,True,
123509,True,
123523,True,
123614,True,
123641,True,
123645,True,
123647,True,
123760,True,
123761,True,
123762,True,
123763,True,
123764,True,
123821,True,
123825,True,
123832,True,
123834,True,
123835,True,
123866,True,
123867,True,
123868,True,
123899,True,
123932,True,
123933,True,
123934,True,
123935,True,
123936,True,
123937,True,
123938,True,
123964,True,
123965,True,
123966,True,
123968,True,
123969,True,
123970,True,
123971,True,
123972,True,
123973,True,
123974,True,
123975,True,
123976,True,
123977,True,
123978,True,
123979,True,
123980,True,
123981,True,
123986,True,
124154,True,
124175,True,
124176,True,
124177,True,
124178,True,
124179,True,
124180,True,
124181,True,
124183,True,
124184,True,
124185,True,
124186,True,
124201,True,
124231,True,
124391,True,
124392,True,
124393,True,
124394,True,
124409,True,
124411,True,
124424,True,
124425,True,
124426,True,
124460,True,
124461,True,
124470,True,
124474,True,
124477,True,
124479,True,
124480,True,
124481,True,
124482,True,
124483,True,
124484,True,
124485,True,
124509,True,
124517,True,
124518,True,
124519,True,
124554,True,
124555,True,
124702,True,
124752,True,
124753,True,
124754,True,
124755,True,
124756,True,
124870,True,
124872,True,
124873,True,
124874,True,
124875,True,
124876,True,
124877,True,
124891,True,
124892,True,
124912,True,
124913,True,
124915,True,
124916,True,
124917,True,
124918,True,
124971,True,
124992,True,
124996,True,
125001,True,
125002,True,
125003,True,
125004,True,
125154,True,
125156,True,
125157,True,
125158,True,
125159,True,
125160,True,
125161,True,
125182,True,
125183,True,
125185,True,
125186,True,
125187,True,
125188,True,
125189,True,
125190,True,
125191,True,
125192,True,
125193,True,
125194,True,
125195,True,
125196,True,
125237,True,
125238,True,
125239,True,
125240,True,
125286,True,
125287,True,
125288,True,
125289,True,
125291,True,
125293,True,
125298,True,
125299,True,
125312,True,
125313,True,
125314,True,
125315,True,
125333,True,
125337,True,
125375,True,
125377,True,
125432,True,
125551,True,
125612,True,
125614,True,
125616,True,
125617,True,
125618,True,
125620,True,
125621,True,
125622,True,
125657,True,
125659,True,
125680,True,
125681,True,
125721,True,
125722,True,
125723,True,
125774,True,
125776,True,
125777,True,
125778,True,
125779,True,
125809,True,
125812,True,
125813,True,
125814,True,
125815,True,
125816,True,
125817,True,
125818,True,
125819,True,
125820,True,
125821,True,
125822,True,
125823,True,
125824,True,
125825,True,
125826,True,
125827,True,
125999,True,
126014,True,
126015,True,
126016,True,
126017,True,
126018,True,
126047,True,
126055,True,
126102,True,
126103,True,
126104,True,
126105,True,
126180,True,
126181,True,
126182,True,
126183,True,
126185,True,
126186,True,
126187,True,
126188,True,
126189,True,
126214,True,
126215,True,
126216,True,
126217,True,
126218,True,
126219,True,
126220,True,
126221,True,
126223,True,
126224,True,
126225,True,
126226,True,
126227,True,
126229,True,
126230,True,
126231,True,
126232,True,
126233,True,
126234,True,
126240,True,
126241,True,
126242,True,
126243,True,
126276,True,
126283,True,
126289,True,
126290,True,
126291,True,
126292,True,
126294,True,
126295,True,
126297,True,
126300,True,
126316,True,
126317,True,
126318,True,
126319,True,
126320,True,
126321,True,
126354,True,
126357,True,
126362,True,
126398,True,
126400,True,
126401,True,
126402,True,
126403,True,
126404,True,
126405,True,
126406,True,
126407,True,
126408,True,
126409,True,
126410,True,
126411,True,
126412,True,
126413,True,
126414,True,
126415,True,
126416,True,
126417,True,
126425,True,
126426,True,
126427,True,
126428,True,
126429,True,
126430,True,
126431,True,
126455,True,
126489,True,
126490,True,
126491,True,
126505,True,
126506,True,
126507,True,
126508,True,
126510,True,
126512,True,
126516,True,
126519,True,
126520,True,
126521,True,
126522,True,
126550,True,
126557,True,
126559,True,
126584,True,
126585,True,
126586,True,
126587,True,
126588,True,
126589,True,
126598,True,
126600,True,
126601,True,
126602,True,
126603,True,
126605,True,
126606,True,
126607,True,
126608,True,
126646,True,
126666,True,
126667,True,
126668,True,
126669,True,
126670,True,
126671,True,
126672,True,
126673,True,
126674,True,
126675,True,
126676,True,
126716,True,
126717,True,
126718,True,
126719,True,
126720,True,
126743,True,
126746,True,
126747,True,
126748,True,
126749,True,
126773,True,
126778,True,
126781,True,
126782,True,
126786,True,
126789,True,
126790,True,
126882,True,
126883,True,
126884,True,
126885,True,
126886,True,
126887,True,
126899,True,
126900,True,
126944,True,
126979,True,
127036,True,
127037,True,
127062,True,
127066,True,
127155,True,
127159,True,
127180,True,
127181,True,
127182,True,
127183,True,
127184,True,
127185,True,
127186,True,
127187,True,
127188,True,
127189,True,
127190,True,
127191,True,
127192,True,
127193,True,
127194,True,
127203,True,
127204,True,
127205,True,
127206,True,
127207,True,
127208,True,
127209,True,
127210,True,
127211,True,
127212,True,
127263,True,
127265,True,
127266,True,
127267,True,
127268,True,
127269,True,
127271,True,
127273,True,
127274,True,
127275,True,
127276,True,
127277,True,
127278,True,
127279,True,
127280,True,
127281,True,
127285,True,
127286,True,
127287,True,
127288,True,
127289,True,
127290,True,
127294,True,
127295,True,
127296,True,
127297,True,
127298,True,
127299,True,
127300,True,
127301,True,
127302,True,
127303,True,
127330,True,
127331,True,
127339,True,
127343,True,
127349,True,
127350,True,
127356,True,
127357,True,
127358,True,
127359,True,
127360,True,
127402,True,
127422,True,
127469,True,
127484,True,
127494,True,
127495,True,
127496,True,
127497,True,
127498,True,
127499,True,
127519,True,
127520,True,
127532,True,
127541,True,
127542,True,
127559,True,
127620,True,
127623,True,
127648,True,
127660,True,
127661,True,
127662,True,
127663,True,
127720,True,
127722,True,
127726,True,
127798,True,
127804,True,
127806,True,
127865,True,
127866,True,
127867,True,
127868,True,
127869,True,
127870,True,
127871,True,
127878,True,
127908,True,
127909,True,
127910,True,
127911,True,
127912,True,
127913,True,
127914,True,
127915,True,
127916,True,
127936,True,
127996,True,
128441,True,
128443,True,
128448,True,
128469,True,
128470,True,
128471,True,
128472,True,
128473,True,
128476,True,
128477,True,
128482,True,
128484,True,
128494,True,
128500,True,
128504,True,
128619,True,
128666,True,
128668,True,
128699,True,
128709,True,
128710,True,
128711,True,
128758,True,
128759,True,
128760,True,
128799,True,
128811,True,
128812,True,
128813,True,
128814,True,
128815,True,
128816,True,
128825,True,
128827,True,
128828,True,
128835,True,
128845,True,
128878,True,
128879,True,
128880,True,
128881,True,
128882,True,
128885,True,
128886,True,
128887,True,
128888,True,
128927,True,
128992,True,
129039,True,
129040,True,
129042,True,
129043,True,
129044,True,
129046,True,
129048,True,
129049,True,
129051,True,
129052,True,
129053,True,
129054,True,
129055,True,
129056,True,
129088,True,
129089,True,
129090,True,
129091,True,
129092,True,
129093,True,
129094,True,
129095,True,
129096,True,
129097,True,
129098,True,
129184,True,
129185,True,
129186,True,
129187,True,
129188,True,
129189,True,
129190,True,
129268,True,
129362,True,
129372,True,
129374,True,
129375,True,
129391,True,
129392,True,
129393,True,
129395,True,
129396,True,
129397,True,
129398,True,
129399,True,
129400,True,
129401,True,
129402,True,
129403,True,
129404,True,
129405,True,
129406,True,
129407,True,
129439,True,
129442,True,
129444,True,
129620,True,
129622,True,
129624,True,
129674,True,
129675,True,
129683,True,
129694,True,
129695,True,
129696,True,
129742,True,
129806,True,
129807,True,
129808,True,
129816,True,
129874,True,
129875,True,
129876,True,
129879,True,
129880,True,
129882,True,
129883,True,
129884,True,
129885,True,
129886,True,
129887,True,
129889,True,
129904,True,
129910,True,
129914,True,
129915,True,
129918,True,
129919,True,
129920,True,
129922,True,
129923,True,
129924,True,
129925,True,
129926,True,
129927,True,
129962,True,
129968,True,
129969,True,
129970,True,
129972,True,
129973,True,
129997,True,
130016,True,
130084,True,
130129,True,
130130,True,
130131,True,
130132,True,
130133,True,
130134,True,
130135,True,
130136,True,
130137,True,
130168,True,
130170,True,
130218,True,
130265,True,
130347,True,
130349,True,
130367,True,
130368,True,
130369,True,
130370,True,
130371,True,
130372,True,
130440,True,
130454,True,
130456,True,
130650,True,
130667,True,
130682,True,
130683,True,
130689,True,
130691,True,
130692,True,
130693,True,
130702,True,
130709,True,
130710,True,
130711,True,
130752,True,
130758,True,
130920,True,
130921,True,
130922,True,
130923,True,
130927,True,
130929,True,
130930,True,
130931,True,
130932,True,
130933,True,
130934,True,
130937,True,
130940,True,
130944,True,
130945,True,
130948,True,
130950,True,
130951,True,
130952,True,
130953,True,
130954,True,
130955,True,
130956,True,
130963,True,
130964,True,
130986,True,
130988,True,
130989,True,
130990,True,
130991,True,
130992,True,
130993,True,
131016,True,
131019,True,
131020,True,
131021,True,
131024,True,
131166,True,
131292,True,
131323,True,
131324,True,
131325,True,
131326,True,
131327,True,
131385,True,
131410,True,
131422,True,
131425,True,
131426,True,
131436,True,
131439,True,
131444,True,
131446,True,
131448,True,
131449,True,
131451,True,
131452,True,
131453,True,
131454,True,
131476,True,
131536,True,
131540,True,
131552,True,
131553,True,
131554,True,
131567,True,
131624,True,
131656,True,
131657,True,
131658,True,
131764,True,
131767,True,
131770,True,
131771,True,
131772,True,
131773,True,
131774,True,
131787,True,
131789,True,
131791,True,
131792,True,
131794,True,
131795,True,
131796,True,
131797,True,
131837,True,
131897,True,
131899,True,
131900,True,
131901,True,
131902,True,
131903,True,
131904,True,
131911,True,
131912,True,
131913,True,
131914,True,
131917,True,
131918,True,
131919,True,
131922,True,
131923,True,
131924,True,
131925,True,
131932,True,
131933,True,
131934,True,
131935,True,
131936,True,
131938,True,
131939,True,
131940,True,
131941,True,
131942,True,
131950,True,
131951,True,
131952,True,
131953,True,
131978,True,
131979,True,
131980,True,
131982,True,
131983,True,
131984,True,
131985,True,
131986,True,
132019,True,
132040,True,
132041,True,
132042,True,
132045,True,
132117,True,
132118,True,
132122,True,
132134,True,
132138,True,
132139,True,
132140,True,
132141,True,
132142,True,
132171,True,
132272,True,
132310,True,
132420,True,
132424,True,
132434,True,
132436,True,
132448,True,
132449,True,
132453,True,
132454,True,
132455,True,
132456,True,
132561,True,
132566,True,
132567,True,
132568,True,
132589,True,
132675,True,
132677,True,
132678,True,
132679,True,
132773,True,
132774,True,
132775,True,
132778,True,
132779,True,
132781,True,
132784,True,
132786,True,
132787,True,
132788,True,
132789,True,
132790,True,
132791,True,
132792,True,
132793,True,
132794,True,
132795,True,
132914,True,
132954,True,
132961,True,
132962,True,
132963,True,
132964,True,
132965,True,
133015,True,
133016,True,
133019,True,
133020,True,
133022,True,
133023,True,
133024,True,
133025,True,
133026,True,
133027,True,
133028,True,
133029,True,
133100,True,
133102,True,
133272,True,
133273,True,
133274,True,
133275,True,
133276,True,
133293,True,
133294,True,
133297,False,Error opening 'f:\\BRACU\\CSE425\\Project\\gnn-bert-music-context\\data/raw\\fma\\fma_small\\133\\133297.mp3': File does not exist or is not a regular file (possibly a pipe?).
133332,True,
133333,True,
133431,True,
133432,True,
133433,True,
133434,True,
133435,True,
133436,True,
133437,True,
133438,True,
133439,True,
133440,True,
133441,True,
133442,True,
133443,True,
133444,True,
133445,True,
133446,True,
133447,True,
133448,True,
133449,True,
133450,True,
133451,True,
133452,True,
133453,True,
133454,True,
133455,True,
133456,True,
133457,True,
133459,True,
133479,True,
133535,True,
133537,True,
133538,True,
133544,True,
133545,True,
133546,True,
133551,True,
133553,True,
133560,True,
133561,True,
133562,True,
133563,True,
133564,True,
133567,True,
133571,True,
133572,True,
133573,True,
133574,True,
133576,True,
133579,True,
133580,True,
133632,True,
133638,True,
133639,True,
133681,True,
133729,True,
133731,True,
133770,True,
133772,True,
133780,True,
133781,True,
133788,True,
133793,True,
133798,True,
133802,True,
133803,True,
133833,True,
133835,True,
133836,True,
133837,True,
133838,True,
133916,True,
133942,True,
133943,True,
133967,True,
133968,True,
133969,True,
133970,True,
133971,True,
133972,True,
133973,True,
133974,True,
133975,True,
133976,True,
133977,True,
133978,True,
134034,True,
134052,True,
134053,True,
134054,True,
134073,True,
134077,True,
134084,True,
134094,True,
134359,True,
134384,True,
134385,True,
134388,True,
134389,True,
134443,True,
134444,True,
134445,True,
134446,True,
134447,True,
134448,True,
134449,True,
134452,True,
134453,True,
134454,True,
134455,True,
134486,True,
134509,True,
134510,True,
134580,True,
134586,True,
134594,True,
134610,True,
134631,True,
134643,True,
134790,True,
134791,True,
134792,True,
134793,True,
134794,True,
134795,True,
134796,True,
134797,True,
134801,True,
134823,True,
134824,True,
134825,True,
134826,True,
134827,True,
134918,True,
134919,True,
134922,True,
134923,True,
134928,True,
134929,True,
134930,True,
134931,True,
134932,True,
134933,True,
134934,True,
134935,True,
134936,True,
134937,True,
134938,True,
134939,True,
134940,True,
134941,True,
134942,True,
134943,True,
134947,True,
134948,True,
134949,True,
134950,True,
134951,True,
134952,True,
134956,True,
134959,True,
134962,True,
134979,True,
134981,True,
135010,True,
135028,True,
135039,True,
135043,True,
135044,True,
135054,True,
135089,True,
135091,True,
135092,True,
135219,True,
135220,True,
135221,True,
135222,True,
135223,True,
135224,True,
135225,True,
135226,True,
135227,True,
135228,True,
135229,True,
135336,True,
135337,True,
135338,True,
135339,True,
135340,True,
135341,True,
135342,True,
135363,True,
135364,True,
135365,True,
135368,True,
135369,True,
135370,True,
135371,True,
135372,True,
135373,True,
135374,True,
135375,True,
135986,True,
135989,True,
135990,True,
136054,True,
136091,True,
136094,True,
136134,True,
136137,True,
136138,True,
136275,True,
136276,True,
136320,True,
136321,True,
136322,True,
136323,True,
136324,True,
136331,True,
136404,True,
136424,True,
136449,True,
136465,True,
136466,True,
136467,True,
136468,True,
136469,True,
136705,True,
136706,True,
136707,True,
136708,True,
136709,True,
136928,True,
136994,True,
136995,True,
137054,True,
137151,True,
137152,True,
137166,True,
137167,True,
137168,True,
137169,True,
137170,True,
137171,True,
137172,True,
137173,True,
137174,True,
137175,True,
137176,True,
137211,True,
137212,True,
137213,True,
137214,True,
137356,True,
137417,True,
137418,True,
137419,True,
137423,True,
137424,True,
137425,True,
137426,True,
137462,True,
137463,True,
137484,True,
137500,True,
137551,True,
137561,True,
137563,True,
137567,True,
137593,True,
137605,True,
137624,True,
137627,True,
137630,True,
137631,True,
137632,True,
137715,True,
137716,True,
137717,True,
137719,True,
137720,True,
137721,True,
137722,True,
137723,True,
137724,True,
137725,True,
137740,True,
137895,True,
137896,True,
137898,True,
137899,True,
137900,True,
137901,True,
137907,True,
137935,True,
137990,True,
137998,True,
138010,True,
138015,True,
138016,True,
138017,True,
138018,True,
138019,True,
138020,True,
138021,True,
138022,True,
138023,True,
138024,True,
138025,True,
138026,True,
138038,True,
138039,True,
138040,True,
138041,True,
138053,True,
138060,True,
138061,True,
138062,True,
138063,True,
138064,True,
138065,True,
138066,True,
138067,True,
138068,True,
138069,True,
138070,True,
138071,True,
138207,True,
138210,True,
138211,True,
138212,True,
138213,True,
138215,True,
138216,True,
138217,True,
138218,True,
138256,True,
138282,True,
138306,True,
138311,True,
138317,True,
138318,True,
138319,True,
138320,True,
138351,True,
138355,True,
138406,True,
138410,True,
138413,True,
138414,True,
138415,True,
138416,True,
138578,True,
138579,True,
138580,True,
138581,True,
139003,True,
139043,True,
139110,True,
139112,True,
139117,True,
139123,True,
139226,True,
139329,True,
139330,True,
139461,True,
139485,True,
139491,True,
139520,True,
139521,True,
139522,True,
139523,True,
139524,True,
139532,True,
139534,True,
139536,True,
139537,True,
139637,True,
139638,True,
139663,True,
139681,True,
139687,True,
139688,True,
139769,True,
139770,True,
139771,True,
139772,True,
139773,True,
139774,True,
139775,True,
139776,True,
139777,True,
139804,True,
139862,True,
139876,True,
139933,True,
139934,True,
139935,True,
139936,True,
139937,True,
139954,True,
139990,True,
139991,True,
139992,True,
139993,True,
139994,True,
139995,True,
140043,True,
140134,True,
140135,True,
140258,True,
140259,True,
140260,True,
140261,True,
140262,True,
140263,True,
140266,True,
140316,True,
140344,True,
140421,True,
140564,True,
140565,True,
140566,True,
140576,True,
140583,True,
140584,True,
140609,True,
140620,True,
140621,True,
140623,True,
140625,True,
140626,True,
140788,True,
140789,True,
140790,True,
140791,True,
140794,True,
140871,True,
140872,True,
140873,True,
140874,True,
140875,True,
140922,True,
140923,True,
140924,True,
140925,True,
140926,True,
140933,True,
140934,True,
140935,True,
140939,True,
141074,True,
141137,True,
141139,True,
141141,True,
141143,True,
141144,True,
141164,True,
141166,True,
141167,True,
141168,True,
141173,True,
141179,True,
141180,True,
141181,True,
141182,True,
141264,True,
141282,True,
141283,True,
141284,True,
141285,True,
141286,True,
141287,True,
141288,True,
141289,True,
141290,True,
141291,True,
141292,True,
141293,True,
141295,True,
141296,True,
141297,True,
141299,True,
141300,True,
141303,True,
141304,True,
141310,True,
141375,True,
141561,True,
141562,True,
141564,True,
141566,True,
141567,True,
141568,True,
141569,True,
141590,True,
141591,True,
141592,True,
141593,True,
141594,True,
141616,True,
141617,True,
141618,True,
141619,True,
141735,True,
141873,True,
141874,True,
141875,True,
141876,True,
141877,True,
141878,True,
141894,True,
141901,True,
141902,True,
141903,True,
141972,True,
142078,True,
142079,True,
142080,True,
142081,True,
142082,True,
142083,True,
142084,True,
142085,True,
142086,True,
142087,True,
142088,True,
142089,True,
142091,True,
142092,True,
142093,True,
142094,True,
142096,True,
142097,True,
142098,True,
142128,True,
142129,True,
142132,True,
142133,True,
142358,True,
142359,True,
142360,True,
142361,True,
142362,True,
142381,True,
142402,True,
142418,True,
142433,True,
142511,True,
142516,True,
142517,True,
142519,True,
142528,True,
142529,True,
142530,True,
142531,True,
142532,True,
142533,True,
142534,True,
142535,True,
142536,True,
142537,True,
142538,True,
142539,True,
142549,True,
142550,True,
142551,True,
142552,True,
142553,True,
142563,True,
142564,True,
142565,True,
142566,True,
142567,True,
142568,True,
142569,True,
142570,True,
142571,True,
142572,True,
142573,True,
142574,True,
142575,True,
142576,True,
142577,True,
142579,True,
142641,True,
142666,True,
142668,True,
142669,True,
142670,True,
142671,True,
142672,True,
142947,True,
142948,True,
142949,True,
142950,True,
143039,True,
143046,True,
143055,True,
143056,True,
143057,True,
143058,True,
143059,True,
143060,True,
143061,True,
143095,True,
143097,True,
143098,True,
143099,True,
143106,True,
143186,True,
143214,True,
143215,True,
143216,True,
143217,True,
143218,True,
143219,True,
143220,True,
143221,True,
143237,True,
143239,True,
143290,True,
143295,True,
143296,True,
143299,True,
143300,True,
143303,True,
143304,True,
143305,True,
143306,True,
143307,True,
143308,True,
143309,True,
143318,True,
143319,True,
143532,True,
143941,True,
143989,True,
143995,True,
144170,True,
144171,True,
144172,True,
144173,True,
144179,True,
144180,True,
144181,True,
144182,True,
144212,True,
144213,True,
144214,True,
144215,True,
144216,True,
144423,True,
144424,True,
144454,True,
144465,True,
144466,True,
144467,True,
144468,True,
144469,True,
144470,True,
144471,True,
144472,True,
144473,True,
144474,True,
144475,True,
144476,True,
144477,True,
144487,True,
144492,True,
144542,True,
144543,True,
144544,True,
144545,True,
144546,True,
144547,True,
144548,True,
144549,True,
144550,True,
144551,True,
144552,True,
144587,True,
144592,True,
144600,True,
144733,True,
144740,True,
144741,True,
144801,True,
144809,True,
144810,True,
144933,True,
144934,True,
144935,True,
144936,True,
144937,True,
144938,True,
144939,True,
144940,True,
144941,True,
144942,True,
144943,True,
144944,True,
144945,True,
144946,True,
145002,True,
145003,True,
145004,True,
145005,True,
145020,True,
145027,True,
145041,True,
145042,True,
145043,True,
145058,True,
145059,True,
145067,True,
145068,True,
145074,True,
145183,True,
145189,True,
145199,True,
145241,True,
145257,True,
145258,True,
145259,True,
145260,True,
145431,True,
145432,True,
145457,True,
145458,True,
145462,True,
145464,True,
145475,True,
145476,True,
145477,True,
145549,True,
145550,True,
145551,True,
145552,True,
145553,True,
145554,True,
145555,True,
145556,True,
145606,True,
145607,True,
145608,True,
145609,True,
145610,True,
145645,True,
145646,True,
145653,True,
145702,True,
145703,True,
145704,True,
145705,True,
145706,True,
145707,True,
145708,True,
145709,True,
145710,True,
145711,True,
145724,True,
145727,True,
145728,True,
145729,True,
145730,True,
145741,True,
145742,True,
145743,True,
145744,True,
145745,True,
145746,True,
145747,True,
145748,True,
145749,True,
145750,True,
145751,True,
145752,True,
145754,True,
145755,True,
145756,True,
145757,True,
145758,True,
145759,True,
145760,True,
145761,True,
145762,True,
145777,True,
145780,True,
145783,True,
145887,True,
145917,True,
145918,True,
146017,True,
146018,True,
146019,True,
146020,True,
146070,True,
146147,True,
146148,True,
146149,True,
146150,True,
146151,True,
146152,True,
146153,True,
146343,True,
146458,True,
146478,True,
146481,True,
146482,True,
146483,True,
146639,True,
146681,True,
146683,True,
146685,True,
146687,True,
146689,True,
146713,True,
146716,True,
146724,True,
146725,True,
146726,True,
146727,True,
146879,True,
146961,True,
146968,True,
146969,True,
146970,True,
146988,True,
146989,True,
147020,True,
147021,True,
147022,True,
147023,True,
147024,True,
147059,True,
147085,True,
147086,True,
147087,True,
147126,True,
147191,True,
147261,True,
147265,True,
147267,True,
147268,True,
147269,True,
147295,True,
147309,True,
147409,True,
147412,True,
147413,True,
147780,True,
147815,True,
147886,True,
147956,True,
148002,True,
148028,True,
148031,True,
148032,True,
148066,True,
148070,True,
148074,True,
148075,True,
148076,True,
148077,True,
148078,True,
148079,True,
148082,True,
148099,True,
148112,True,
148113,True,
148114,True,
148120,True,
148121,True,
148124,True,
148130,True,
148131,True,
148132,True,
148133,True,
148168,True,
148186,True,
148187,True,
148190,True,
148208,True,
148210,True,
148211,True,
148212,True,
148213,True,
148214,True,
148215,True,
148216,True,
148217,True,
148218,True,
148231,True,
148233,True,
148234,True,
148235,True,
148246,True,
148285,True,
148286,True,
148287,True,
148288,True,
148289,True,
148290,True,
148302,True,
148303,True,
148305,True,
148429,True,
148430,True,
148439,True,
148441,True,
148443,True,
148444,True,
148510,True,
148513,True,
148514,True,
148516,True,
148517,True,
148518,True,
148519,True,
148532,True,
148535,True,
148536,True,
148537,True,
148584,True,
148585,True,
148586,True,
148587,True,
148602,True,
148603,True,
148604,True,
148605,True,
148606,True,
148607,True,
148608,True,
148609,True,
148610,True,
148611,True,
148612,True,
148613,True,
148773,True,
149075,True,
149078,True,
149082,True,
149083,True,
149099,True,
149100,True,
149101,True,
149102,True,
149103,True,
149118,True,
149124,True,
149138,True,
149139,True,
149140,True,
149141,True,
149142,True,
149143,True,
149185,True,
149369,True,
149370,True,
149416,True,
149417,True,
149422,True,
149452,True,
149488,True,
149523,True,
149623,True,
149625,True,
149626,True,
149687,True,
149689,True,
149690,True,
149700,True,
149701,True,
149712,True,
149714,True,
149727,True,
149750,True,
149775,True,
149776,True,
149777,True,
149778,True,
149842,True,
149951,True,
149953,True,
150015,True,
150017,True,
150018,True,
150062,True,
150063,True,
150064,True,
150073,True,
150078,True,
150079,True,
150080,True,
150265,True,
150266,True,
150267,True,
150268,True,
150287,True,
150288,True,
151404,True,
152103,True,
152253,True,
152254,True,
152258,True,
152261,True,
152262,True,
152324,True,
152418,True,
152425,True,
152480,True,
152543,True,
152545,True,
152568,True,
152569,True,
152570,True,
153337,True,
153383,True,
153452,True,
153946,True,
153955,True,
153956,True,
154303,True,
154305,True,
154306,True,
154307,True,
154308,True,
154309,True,
154413,True,
154414,True,
155066,True,
