ytid,success,error
-0Gj8-vB1q4,True,
-0SdAVK79lg,True,
-0vPFx-wRRI,True,
-0xzrMun0Rs,True,
-1LrH01Ei1w,True,
-1OlgJWehn8,True,
-1UWSisR2zo,True,
-3Kv4fdm7Uk,True,
-4NLarMj4xU,True,
-4SYC2YgzL8,True,
-5f6hjZf9Yw,True,
-5FoeegAgvU,True,
-5xOcMJpTUk,True,
-6HBGg1cAI0,True,
-6pcgdLfb_A,True,
-6QGvxvaTkI,True,
-7B9tPuIP-w,True,
-7wUQP6G5EQ,True,
-88me9bBzrk,True,
-8C-gydUbR8,True,
-8cgbhIR_pw,True,
-bgHkxwoliw,True,
-BHPu-dPmWQ,True,
-BIMKnb3tlo,True,
-Bu7YaslRW0,True,
-ByoSbgzr4M,True,
-cLzki-B06o,True,
-cQ-jUTEgck,True,
-CUp_Tmg2Y0,True,
-DeAdhYKbGE,True,
-Dtir74TiUM,True,
-dVgUSrR8g4,True,
-e4wXAy1iVo,True,
-eDAoheZrY8,True,
-EVRXQpt1-8,True,
-f1DNyngKVY,True,
-f6s6kQEHFY,True,
-FEPOSP7ay0,True,
-FFx68qSAuY,True,
-FlvaZQOr2I,True,
-fxh7jAJR8U,True,
-Gf4Ihv1zwc,True,
-hSMzrWZCAE,True,
-hYRFCQdbLg,True,
-i9gpG3vPwA,True,
-i9uQMysy_A,True,
-IZbvEO9wzU,True,
-jpbCWcz2pk,True,
-JvB5AL59fM,True,
-JVWfFPBl84,True,
-lPXTBXa0tE,True,
-M-6VinyMiY,True,
-m5ZlWziIeA,True,
-M6K3QoHh40,True,
-m9pH0WXQto,True,
-mA_bqD1tgU,True,
-mB_XLq6g1g,True,
-nlkWWphiaM,True,
-NmjCyqIavI,True,
-o0ZtQIkM60,True,
-O9mnfC61Ac,True,
-OAyRsvFGgc,True,
-oP-XX28B0s,True,
-OUIEnuNd1I,True,
-pUfYFcsgG4,True,
-Q9MTRXS4bE,True,
-qcTD2o6I9s,True,
-QuWdnmn-kM,True,
-R0267o4lLk,True,
-r2-9oyIzkQ,True,
-r7iz-9v9bA,True,
-rAhS48FkYw,True,
-RYtUAsNhF0,True,
-SD43H5B5hE,True,
-sRFfU8k0Zs,True,
-SWaCArvQug,True,
-T4GeTHKtJQ,True,
-taO6N-rxv4,True,
-tKZOl4q1Kw,True,
-tmY1GEH3_Y,True,
-tpq_bzSKes,True,
-U16iKiXGuY,True,
-uaTK8sa5Ms,True,
-Umconw-CRE,True,
-UuEBhule84,True,
-v5hgCh3M2w,True,
-VclCul6FrI,True,
-VI2IRq17rs,True,
-Vo4CAMX26U,True,
-w12aSkQ9No,True,
-w4HLksto_k,True,
-W5c6CeUMPE,True,
-w8maIWtnUk,True,
-WvVG0wHcTc,True,
-wVWjl9Kq6U,True,
-wymN80CiYU,True,
-XkbErI_7EU,True,
-XN0NtrnfMY,True,
-YATTKBtmRA,True,
-YIT4HBM__g,True,
-zA6LL78KYU,True,
-ZHpNr_KRXU,True,
-zOybsEdM5E,True,
-_6RxZyi30Q,True,
-_OzT7Xyvok,True,
0-7PyzhzuYQ,True,
00M9FhCet6s,True,
01hjVJN9xCg,True,
01PzcPKT3_E,True,
0298WjE3_tk,True,
02Qntw26enM,True,
03z0rpIkm5g,True,
04NjXsLyCl4,True,
05JAmKFVy44,True,
05OJDYeHLMc,True,
06Brdf83RZE,True,
06IU9WsEp3s,True,
07-3grCQ8EU,True,
07-vpXo91XM,True,
07FxCXxknY4,True,
07mS0mSTDjY,True,
07xGXxIHOL4,True,
08mf5GxT820,True,
08u-jdwjM74,True,
09lQmg2wvsY,True,
0a6uLBmqZgA,True,
0a91szM1Ivw,True,
0abzD7hBTRk,True,
0ADP-O_V3vA,True,
0AGHo8V8HpM,True,
0AhX-ReXovI,True,
0BFauf6TGGU,True,
0bP2MH3LqvI,True,
0bRUkLsttto,True,
0bvPjMQ_WbE,True,
0c1YU_VtFRE,True,
0cNYPgD6cEA,True,
0DizopdPMBw,True,
0dPx94RPy2M,True,
0DYH0sqDXB8,True,
0EOQco76eXQ,True,
0EvpBtracsk,True,
0ewQiU3q5jM,True,
0ewWspUqB6Y,True,
0EzWmAPwoTs,True,
0F-Z0zF1504,True,
0fCpAuxrQ_I,True,
0fiOM---7QI,True,
0fqtA_ZBn_8,True,
0Gxn9FtaJFc,True,
0H3FAoDgzhI,True,
0hfU27A6tus,True,
0hw_BB4QN34,True,
0HXYdGGKV2k,True,
0ISHZQJdeSw,True,
0JbGxIR8JTk,True,
0jFQ21A6GRA,True,
0J_TdiZ3TKA,True,
0K-zyeLuKho,True,
0KCVgexi4yU,True,
0kQD1P0_KUs,True,
0kQjfwXjFuY,True,
0L2ndtt60Q8,True,
0L3vcdzQPPU,True,
0LE6Ll1rVlg,True,
0lIETNZ_7sg,True,
0LLlcPiatiU,True,
0M7nETLOsKQ,True,
0m9-5BkL4Mc,True,
0MzrXd8CUCg,True,
0nk7utNkHOY,True,
0nNmbkU8GBI,True,
0NTzOtVmoiU,True,
0NZY0GHQBP0,True,
0OhtODbKajw,True,
0oIFGARD9xE,True,
0Olm321vgk8,True,
0ONdm4sW47c,True,
0OY8XXZ98rw,True,
0OYlHvyfNk4,True,
0pewITE1550,True,
0PMFAO4TIU4,True,
0q-80dzp6PU,True,
0Q1JLNfm8oU,True,
0QAaln-hjPw,True,
0qtbbK5HVMw,True,
0QYNC7J05XI,True,
0RcMzUdXDRQ,True,
0RDz0rLakwc,True,
0RgGrVklaao,True,
0rNr_qnoPQ4,True,
0RpkkfkUBRU,True,
0s0Uy0-zBa0,True,
0S5zWt91Bwo,True,
0SNhAKyXtC8,True,
0SnjS2w_c80,True,
0soVCtJgDTk,True,
0sPVAP17w2U,True,
0TiEO149Ydc,True,
0trWdhSvab4,True,
0TV9zvfwFhs,True,
0u1sk49gAU0,True,
0u4gY1bBUwQ,True,
0u5-WiBKam8,True,
0Ubu4BqSWmU,True,
0vFPs6XsU_Q,True,
0VjPCd62oKg,True,
0VwX92X3iPc,True,
0Wdh45yt7tY,True,
0wYi8B9PXDY,True,
0wzsE67O5tE,True,
0x6chChxzV0,True,
0XxinBtKouQ,True,
0ZNFJz-eZTU,True,
0zolXzR9Oi4,True,
0ZXWSO_Y2C0,True,
0_hH79HnEdo,True,
0_QcatLmg7c,True,
0_XItMAYkwc,True,
1-Y9kafYuqQ,True,
10dur7jhFQM,True,
11D0JdB7_4k,True,
11FeId69WOk,True,
11fNNN95_og,True,
13n6n6nKMhI,True,
14hTDUjCr_g,True,
15CZ2h5VL-A,True,
15Mw2jyyHk0,True,
15z-gbPxdXg,True,
16F5fdORzSo,True,
16TsDMjHzYU,True,
17AtKbQ7glU,True,
18mS4cLPOb8,True,
19-GI2LzOtc,True,
19Pp9QEw17U,True,
1ACn3u5UnBw,True,
1AOe82obwcY,True,
1ArUx6UCxe4,True,
1a_nvi4sW64,True,
1bSP4wLfMpA,True,
1BVSYfNCcv0,True,
1Ccis4FDGwY,True,
1cqcTbDxsHM,True,
1cwGW0cBdRs,True,
1DNoynuGLV4,True,
1dt9eL2rmSY,True,
1FnA3w94zXI,True,
1FnT0RrfMEA,True,
1FU5odlgLmo,True,
1GCOnj53QYM,True,
1gDNqOQFopY,True,
1h2sb2xeCt8,True,
1hABzqBHh7w,True,
1heMbyumHAo,True,
1hWAOReJehw,True,
1IK4OeOqAEo,True,
1ILLsA6gqHE,True,
1IMi7yfZVVM,True,
1Is1xfDjZrw,True,
1j13NdQiw8c,True,
1j3pXUr8R4M,True,
1j4rFfU5XKQ,True,
1jATjKL2vAE,True,
1JpeDWbgUO8,True,
1jptuEjuTig,True,
1JqNiV03kog,True,
1JwoLPCIGhs,True,
1KmsVHx7E2c,True,
1KN3GrwhY8c,True,
1kYDbl5Y9Sg,True,
1l7BjFDQLUM,True,
1LA64TXatWk,True,
1lgqqW5TsJk,True,
1ls3ectO1F4,True,
1mB_cboJR8s,True,
1MwaXCfUvX8,True,
1nUqhH8bAPk,True,
1O4LpU7HggY,True,
1o7iTDLNTFk,True,
1OIfQHKnAcw,True,
1PKxdTlquCA,True,
1PN-bfs2EhY,True,
1pR0SgbqP3M,True,
1PSzSTilu_s,True,
1Q9DXhXMSFI,True,
1QFli7KSXAQ,True,
1QSD-dzEv7Y,True,
1Rd1w7Ty1ak,True,
1rhsnmWLeGw,True,
1RhYdQnZ_hw,True,
1RRGInmOhTQ,True,
1RwhRTe-OKk,True,
1SqihV_DnEg,True,
1tNkAc29aPE,True,
1ToIyrmWFjw,True,
1tz4xNRRR4M,True,
1uHF1-8TcEk,True,
1V7ReAk9k-4,True,
1VKSpjXZvKo,True,
1W2Cz2Jj76Q,True,
1W2FOzSXsxs,True,
1WlvXneu6oY,True,
1xhwyUVSRQk,True,
1Xtkou9dtyA,True,
1y1lEOGBcWM,True,
1yGWdegJjA4,True,
1ypKEH2kd7g,True,
1yWGmdevTuM,True,
1ZaxqZMs21M,True,
1Ziku4FLka4,True,
1_YHHL_t2GI,True,
2-K-7T8ZIWA,True,
20QZS9L5WeA,True,
20Vh6z6Ie0E,True,
21MgIcLN8Ow,True,
23xC7lTBikU,True,
244y56-vLWE,True,
24cmo2fEQo8,True,
26HLgXWF-Co,True,
26IOFykrJrc,True,
26jTWRMRoxY,True,
28pkN4m1x6I,True,
28wBrNjHXOM,True,
298Q_pSLflU,True,
2aPVOidHLXI,True,
2ATMQxWVpXk,True,
2BBAUwC1BI4,True,
2bcnAoZbptI,True,
2bCuw7U_Rac,True,
2BGzxAuetOA,True,
2ctgUIqyaBk,True,
2cxs73i3l1M,True,
2cxvYC9QZac,True,
2CzfBZ1mYBs,True,
2dyEnOo3yJ8,True,
2dyxjGTXSpA,True,
2f1UXGix_Cw,True,
2f7NnTVQzR0,True,
2FQKfGCwjSE,True,
2G4lyzAZ1vk,True,
2gc1L3g1itU,True,
2GepmcbNlJY,True,
2Gja9wBkz6U,True,
2gvyOxKuQPY,True,
2GWkKVHxGRM,True,
2i4UNf8tjvU,True,
2I6pPRWKsCQ,True,
2Ic1zm9mBjk,True,
2iFgXSXdqLo,True,
2IpapScfsT4,True,
2JnlmS1zzls,True,
2JNY2SaMk7s,True,
2JuMYUPMGGM,True,
2juYRZnhF3g,True,
2kcSUBkFbaQ,True,
2KGnpMYHBGI,True,
2KkNk9Ao7G4,True,
2kORDnISun4,True,
2KwSyaLT_mw,True,
2kY_ZG78V-g,True,
2lBZ6yPW9WU,True,
2M-CFCo-rkY,True,
2MpzHv5KNZU,True,
2MZUbxulAI4,True,
2nsZhXxes68,True,
2o1p83UjJFA,True,
2OI4QeokeRQ,True,
2pTnwe3DzCs,True,
2Q20hVyYjBM,True,
2qO-OQtOBK0,True,
2RMOegT2Jn8,True,
2RU4CSDzS-g,True,
2SenLjPbGzU,True,
2ShO1jZYZeA,True,
2sIfE3KOi5s,True,
2SI_uNBcSyw,True,
2SQxfaWAJJg,True,
2T1P9ovsl4A,True,
2U8Dvh7nwFI,True,
2uagA3ujRtM,True,
2Ui85-AOLyo,True,
2umjh27MkjU,True,
2UnlMwW8nyI,True,
2unse6chkMU,True,
2uvHgwAljPA,True,
2UY_-oF1vqo,True,
2VFVe0RCn7g,True,
2vQTq4QLP8U,True,
2wGkbHl3IUE,True,
2WxUIkF2zEw,True,
2wZCoeq9Ppc,True,
2x4694ExyCU,True,
2x9735gU01s,True,
2xATintzaj4,True,
2xGRCsW6-Bk,True,
2xQuWif8axE,True,
2xtOqrNKH5s,True,
2y1QnNBaxAU,True,
2YAyM0aHFRU,True,
2YQPwRLB1s0,True,
2z1elo4ucis,True,
2ZB7DUGOdZw,True,
2ZfthfWQowE,True,
2ZgEbNi--8Q,True,
2zjtZYqg3Ow,True,
2zo5z1I0CeM,True,
2ZogsGp-T4o,True,
2zpITTJiw7Q,True,
2zrPFxxT1VM,True,
2ZrqWkdwVzo,True,
2ZYzviKuq9w,True,
2_kLD3IbF2c,True,
2_mFg42LlUI,True,
2_Vk3tmqz-0,True,
3-_QS346VWo,True,
30tNWUyJCog,True,
31DNFoW3NAw,True,
31iD2VPLMxQ,True,
31O2j4aAgYU,True,
32iayLTRmxg,True,
338iZ76huSQ,True,
33dCbb1MyYU,True,
33LJ36nAozM,True,
35b9UHjagaI,True,
36ToDxW_hns,True,
374R7te0ra0,True,
38R9Vnwt890,True,
390At7lW4iw,True,
39MksqVeLdY,True,
3B-YYTbpFZE,True,
3b3s0TvjGwA,True,
3bg0iy-ypcw,True,
3C-5_z01Olc,True,
3cEQfNZ_F1w,True,
3ClbaJYWVO4,True,
3dUo62RsD00,True,
3dzR3ZWOe8Y,True,
3e6GleQ9sl0,True,
3EtbIWF_ynU,True,
3EXXs3x4Ius,True,
3FJFcgaa0oE,True,
3fqWosszpnE,True,
3gh1oldZ7Zc,True,
3Gyi7AvDLzc,True,
3HtfWSbmuAc,True,
3IYd8cCmUkQ,True,
3jLef5eHgzU,True,
3JYQgXudiH8,True,
3KdyWJ6wTOw,True,
3KQy3Cajo4E,True,
3kSQNjfJnN8,True,
3kXukXBvDQQ,True,
3m-a805cVl0,True,
3m4QSVVBMss,True,
3mNOJpN_qOQ,True,
3mStyfCbL68,True,
3NAqH9LYDyU,True,
3nbB3F-OdSM,True,
3nfiGGQykxk,True,
3noh9LiQNrs,True,
3Nwsd439zmU,True,
3OLeJZF4oI0,True,
3otUlQ4wvLY,True,
3OUNEL8XaR0,True,
3OWArQGgmm0,True,
3PoC1-xd4Yw,True,
3pU34vUoO9g,True,
3PuzzYmTDA4,True,
3PwR0D7CuwM,True,
3q9K2PgA2-U,True,
3QNFY4MKTy4,True,
3QqVP0odOw4,True,
3R8xDvhJk54,True,
3rbWoeUg9yo,True,
3rvqiSZB4pA,True,
3sIlpn9nvKU,True,
3sRO6iwfUxo,True,
3tbFP_JKzXw,True,
3tK7PpCo0PQ,True,
3tlaELkmRqs,True,
3TP1itJqv-E,True,
3TQmts_MxyQ,True,
3tSPMzvuQpk,True,
3tyb0cXoX2g,True,
3u9OO9Og0Gc,True,
3UHHjbO0ThM,True,
3ujGrObyefA,True,
3uz_ZrGsIaA,True,
3vEsFxolnFs,True,
3VTinB14Pmw,True,
3w3fD54bNvU,True,
3w4nFQrUQ8k,True,
3Wdxjm-h36w,True,
3w_LsKl-3Pk,True,
3XeMR8lX0dg,True,
3XL825fK6UM,True,
3Xoz87_SUdw,True,
3XRjrSOVBnQ,True,
3Yc7_n6mDsI,True,
3YuO2UOYKRk,True,
3Z74i_FWs3o,True,
3ZhyXbwFQAM,True,
3zIQTDfS4Hk,True,
3zntWbS9XeI,True,
3zPvfVmL0nE,True,
3zT0aiN2E70,True,
3ZyuBJEbmJM,True,
3_M9ZMo5TiU,True,
4--05CAaDsg,True,
40D4L5Ndi6k,True,
40i3_JH6FYw,True,
40kbMyL2Wgo,True,
40sAH2ZB0Pg,True,
40vmsGsFBsw,True,
40xkia7fwEM,True,
42QgE4mM55I,True,
44sbWBFswUY,True,
45iNSkfzOwM,True,
46WpyRUqwXU,True,
476vNb6thyM,True,
49nqh7uI9fw,True,
4a1a-lmDVaY,True,
4AejyFDHP_k,True,
4AfykLGm0j8,True,
4b8gTARnmVE,True,
4Bc9OoagYmo,True,
4BIIFU_b6BY,True,
4bXb6GLm6zg,True,
4cg3MsrvJqw,True,
4CkJjhuYRmY,True,
4CkZqT26Vb0,True,
4CrPPlHN9_s,True,
4dilYyxYLmM,True,
4EwWBI-tHLk,True,
4ezo771lGts,True,
4gEmWJCPZGo,True,
4GlH0-KhInI,True,
4Gow6qZcNZI,True,
4H1nc2Xv2Hg,True,
4HfU5OQUqq0,True,
4HhJneiP-hY,True,
4hulNRgH6cI,True,
4i11P4OCRfk,True,
4i1aizhCnfg,True,
4i9DgH80kDg,True,
4JYJRqwqWGM,True,
4jzr88nEdCM,True,
4kKVGPDCIK8,True,
4KqSdK5KM-I,True,
4kyWH8eWP8M,True,
4kZ0EZg5JRU,True,
4l441DdEJfU,True,
4L9KyVVsQOc,True,
4lcZkOMhKv8,True,
4Lk8pUeLCwQ,True,
4ls_8xIjBzM,True,
4LZSSya3ZZQ,True,
4M0njWKFsME,True,
4mC6K77Y_Ho,True,
4Mm5mBgktG0,True,
4Mo7tdV2LZk,True,
4mtfOkzOvBI,True,
4M_k01zIbVM,True,
4o0bARRMYQ8,True,
4PGzlwvXMnE,True,
4PNPgaLKFlc,True,
4Psj5jYa7a4,True,
4q-eGdrqiIw,True,
4q6e_ZDFOZI,True,
4QES-SJ7mP0,True,
4QJktFv916o,True,
4refolVb_uQ,True,
4S4NDnNTptY,True,
4sD0Bvt3FKk,True,
4T2KBwRxi_g,True,
4TDtUHo5cSE,True,
4tF0Lt9VEp8,True,
4tH9knHaTd0,True,
4TXy2i036LU,True,
4T_5clu_0OM,True,
4Ua6i_VDYU4,True,
4Udqs0trpMw,True,
4ueN2gGsH5Y,True,
4ufDENm_ECk,True,
4VbXYuCz4M0,True,
4Vg0PQuHTk0,True,
4vGLTrW04UE,True,
4vsI0Kwn8jY,True,
4W3Ql8JbEN8,True,
4W8BYc8ZMaE,True,
4W8IZxn3nEI,True,
4X2aUZFZlzc,True,
4Y5VcH7iK3Q,True,
4Yc71_dU3m4,True,
4yJZ4VX8XQI,True,
4ZwGxgOwBUc,True,
4zZiWBp0b08,True,
4_s5vHgfxnw,True,
5-aS_pyXesM,True,
5-tx4Fgqetc,True,
50fuQm8B2Yg,True,
50QEapyTPD4,True,
51bsCRv6kI0,True,
52GYcHTcCgs,True,
52odOK7G2kg,True,
53UF6F7D284,True,
54yI3In3DrU,True,
55qucu8Zs_I,True,
55vMO5LzMHM,True,
56Cm1AkbfbU,True,
577NM64YL18,True,
588osm3C4bw,True,
58f4AsxOYhU,True,
58JwiVM8bYM,True,
59Mt7J_0KT4,True,
5aCDam9_Ps4,True,
5AdeNHlPnvs,True,
5at69yM1PoU,True,
5a_Qxd4ECTo,True,
5BEVY0vaygg,True,
5blPLHS0Cko,True,
5bn7PPKcqSA,True,
5bsUYmXIgMA,True,
5C70IZwHA5g,True,
5CtvEcPtknI,True,
5D4siJjh1j0,True,
5DDg2CzAmgE,True,
5dG1oPahyto,True,
5DNl3DX4rr0,True,
5F8zpfwFKl0,True,
5FbQu7QTme0,True,
5FlNBuS7YgM,True,
5fPxUI0Fl-4,True,
5gh5H0QqJl0,True,
5gyMt0YzPQ0,True,
5h5NdW6cYY0,True,
5hEt87nd7os,True,
5hyRWertUbI,True,
5i0zq91Ocz0,True,
5ieMy-PAKA0,True,
5iPTcL50mvw,True,
5iUwBOf4yek,True,
5J6CjNc8Njo,True,
5JkPsWsq3E8,True,
5JQIsqc8HBc,True,
5jQIuYPAODg,True,
5JqTvKNXzOw,True,
5JRvGMTjEzQ,True,
5jT_i7S9QSM,True,
5keRbrVx-G4,True,
5KvjUzQbMT4,True,
5LX2Unga1p4,True,
5lZFGZXH20E,True,
5MAX6bUSf4s,True,
5mLYN-F2Oek,True,
5mmUQUwr6tI,True,
5MOJnA715fA,True,
5n8I-br2n1U,True,
5NCUtndrsHg,True,
5nJr7iar6ZM,True,
5P5XAclO8ko,True,
5pIdH6p3kuo,True,
5QtjEBcZR6M,True,
5qVc9y3TNnY,True,
5r4jLwjj_Ik,True,
5rjQU4vOIlw,True,
5rsQHo-6DI4,True,
5s0yPPrQWxs,True,
5tNOauvQWQQ,True,
5Tq56BN8PCQ,True,
5tRNPTLRZqI,True,
5tt_GKV13G0,True,
5UmoK5WAW8Y,True,
5UXnulANF8g,True,
5w3s2T0VBug,True,
5xAzHL8Zlcs,True,
5xBfKiQcMZQ,True,
5xIBQGMjiX4,True,
5XNalwqtkFg,True,
5XXAeSybGK0,True,
5y2M_K3bUcQ,True,
5z60cbPEEaY,True,
5ZpVhmhVYoI,True,
5ZX1-GAb7IM,True,
5ZX9Ig7XXsw,True,
5_orEetudIA,True,
6-CMq6xw0fg,True,
6-MdbipzKS0,True,
6-XEA0zqo8M,True,
60OIHit4Q-M,True,
60uuoSycuWE,True,
60y9j_Dc-Xs,True,
614LdgrE13A,True,
62C6TngDeXI,True,
62L5kn1qFeY,True,
63jbksEqycQ,True,
64auWicQqZY,True,
65KYS3lIRII,True,
669Fk7afszw,True,
66B46E_hrrk,True,
67S7s_jFXhc,True,
6807299U5eg,True,
682ODyTqKyw,True,
68DacKw1hlE,True,
68XchGI6H-4,True,
69oU6LfyQ_4,True,
6AC84nr6ckM,True,
6ayVxYbKBe0,True,
6BitLl5Bnxw,True,
6C0HoQe4Y-Y,True,
6c1vNidtVTc,True,
6CaZAITdAsk,True,
6cQbxwbBqqI,True,
6cQjwXNY4sc,True,
6dFCMXNlmzQ,True,
6elnFyuUnaU,True,
6evOjRxZlHI,True,
6EwEo0JQkTg,True,
6F8qv0JBWkE,True,
6FQ1nQ0FvgQ,True,
6gTrMRQPZMU,True,
6HQqly6duac,True,
6ieXDFjLKNo,True,
6Ig6zwBn4b4,True,
6II4JGJDyZo,True,
6iyinlZEgS4,True,
6iZ49s7eH5g,True,
6J3X0whM_-4,True,
6jdeSAmkzEU,True,
6jeq5lP5Up0,True,
6JJMlY3Go9s,True,
6jZ8VNANHwM,True,
6k4lcF9IGUk,True,
6k6tF0s0lNs,True,
6Kb0q9J8lPA,True,
6KqFiP_ux5U,True,
6KXd7l5pThg,True,
6L8066DGqcA,True,
6lPgzqrvHHw,True,
6lPw0wKu7_M,True,
6N1LWG4aztA,True,
6nWWTNVRDjw,True,
6o6DsSnbpxE,True,
6OcoDIrbMtY,True,
6og50XOZeIk,True,
6oqbYipROOs,True,
6OVb3rjcB3Q,True,
6pHo6fPdPvM,True,
6PquRVe1Wa4,True,
6PWiDlWmPs0,True,
6Q5N1DfzGj0,True,
6QAZJ4H_5rA,True,
6QfM3BRp-78,True,
6QHfXuVLhe0,True,
6ragcEJVErI,True,
6SB2FIU9SBc,True,
6Sdu56gquJE,True,
6Si3eGkmmy8,True,
6sWVG6GyJBU,True,
6Tf5IwOHBlw,True,
6TSluKI0X54,True,
6u1ckcErgcQ,True,
6uIOGE36tWo,True,
6UJhTZgnVro,True,
6VJ_auuKzss,True,
6vM7Kv42Uv0,True,
6vRBp8jo40Q,True,
6XHdybfV5Cw,True,
6xxu6f0f0e4,True,
6XZGmRuaOfo,True,
6yB6plsrjO0,True,
6Yh7Cdm2GgY,True,
6YXjJ6ABnZU,True,
6zgvEiJJrM8,True,
7-mNJ4IUY5Q,True,
70pyoqX0U9Y,True,
71hqRT9U0wg,True,
71KE7B1vvdI,True,
72_Hk1cdoxk,True,
74p3DLeDCHE,True,
752bW5cjXzw,True,
75UH33tO0Bo,True,
75_dMqpSM4o,True,
769EHEG4Mqc,True,
76ON0Ixrr9s,True,
770ZkZhGy6A,True,
78BtX0oNXHQ,True,
78S8DnvLQDY,True,
79tuMIiWMZ4,True,
7AC9RqECN5k,True,
7avMUhHOCR8,True,
7B1OAtD_VIA,True,
7chwYGGSkmE,True,
7cvqeU9Wh-I,True,
7cw7rDLcujI,True,
7DIPyJB4osY,True,
7dmT4SgS_EM,True,
7e46Hfy5j8g,True,
7eZTmLV9gcY,True,
7FHzw4HV75Y,True,
7FkuqqdWRhw,True,
7fVfG0DrLjI,True,
7h6nTyP7d9o,True,
7hKG33wkr0k,True,
7Ht_Vu1D8nc,True,
7IllUjk5fk0,True,
7IndxxjZe1c,True,
7ITwarmdyfI,True,
7J6U-HE3Lko,True,
7JE2eBK1f9M,True,
7JMN4DdhwsM,True,
7jWRIjFaoeU,True,
7k3M0pQvzhY,True,
7k3OZ_fPXuM,True,
7KCikXm6hic,True,
7kEeYQx2VLE,True,
7KIn0zojwu8,True,
7l4-QmvXxEs,True,
7L5HQ4AJyLc,True,
7lG2zPKo9e4,True,
7LlKoQAvXUc,True,
7LlnLjZOqVI,True,
7lV4IvuW2lk,True,
7Msk_hkz6zk,True,
7MuFNZHhrOE,True,
7muzlOrbDu8,True,
7Mv4eKPe850,True,
7NF2kcEfMBI,True,
7NnvEryyYdo,True,
7NtM1MM76s0,True,
7OgH3B49_E4,True,
7OjXHfVoI64,True,
7pdrGzdWMzI,True,
7PtHb9jQCtg,True,
7pYavsK9sPg,True,
7p_Mnxl4Vq8,True,
7qaRlUc4fb0,True,
7RtQpW2dSU4,True,
7RUkkhkqyUw,True,
7S3fU4RHabw,True,
7TmKzUgWiRU,True,
7uKkUTml-DA,True,
7Us4WHDmfeA,True,
7V0G65FK2VQ,True,
7vC1iriZlX8,True,
7Vjp9y6wvkY,True,
7WR-hMV2RKs,True,
7wSTdp1hiTA,True,
7WZwlOrRELI,True,
7xD_Ib3VS_w,True,
7XMqcbZKNNw,True,
7XQN9XDnRm4,True,
7y9RfZXJZsk,True,
7yK4-hsVX1o,True,
7ym-LzgwSPE,True,
7YtKrL6ScXA,True,
7YWMPBHKdyY,True,
7zP5kNyDn88,True,
7ZW8xO37bA4,True,
7ZXz3Xa7APs,True,
7_0g3tEcM0w,True,
7_80oVTLkGU,True,
7_q36NyJtQY,True,
7_Sr2zv1sQc,True,
7_yBcHaoR0w,True,
81SgTHg66QY,True,
86YDiQjYU1U,True,
886Qu4V0km4,True,
89eBh_Djflw,True,
8akqVDDGsNQ,True,
8BJljuSm2Aw,True,
8Bu8CkR1xZY,True,
8CY7G2NrlxY,True,
8dE1x--TuF8,True,
8DHtPopFvII,True,
8DQbnR7hwpc,True,
8DTKCAv9ods,True,
8FawGISo8wY,True,
8fibq2VXibw,True,
8fInAz_GICs,True,
8GKbDSu9Xd0,True,
8Ha5qGnT7lg,True,
8HHrlxQuZKE,True,
8hO1S9VIfPY,True,
8hSmQpOPXJE,True,
8iPpgyEh8WM,True,
8jDanS4ZzRc,True,
8kH-dzSBthI,True,
8KIoQ2HZ0Hg,True,
8KUV2TFTpGo,True,
8kx5ST65Fog,True,
8LP_wbFLaJE,True,
8LYWfpPUokc,True,
8m-a_6wLTkU,True,
8MbxazeMw2E,True,
8MF6nFj02sM,True,
8MKemM0h5mE,True,
8NIxqHJrL68,True,
8nJ2MhvhnJ0,True,
8Nrp4jUZeGE,True,
8ntKBILZ06k,True,
8o2UyEYbNmY,True,
8OsmFmhNjoA,True,
8oTTgXIO0-I,True,
8oUI02eK3SM,True,
8pc8fjPIV-Q,True,
8PcfPX11Hjg,True,
8pit9UV69S8,True,
8pl1D6oG38k,True,
8pYHLfKqHL4,True,
8q0An6WY7_c,True,
8qeTEfOqB0A,True,
8r1y_Bz4VfQ,True,
8rCYRgePG-4,True,
8sSV_vqOlS4,True,
8tY6nioUQIw,True,
8UhdwnsckJ8,True,
8vFJX7NcSbI,True,
8WnXfe3ud4E,True,
8WPG0dD20lg,True,
8wty3wJfmEY,True,
8XBsesSEbbU,True,
8XGXHDMIJw4,True,
8y36aT4C_c0,True,
8yiJOImd6k0,True,
8ynjAtF5VnA,True,
8Yt55huZGZc,True,
8Z5xnSxUmGE,True,
8zcogfmAD_o,True,
8zCZzzAaC4I,True,
8zDbEfC6Uf0,True,
8zGJ9N7c6pE,True,
9-R70gSqvrc,True,
90NsBZvepy0,True,
91AmOKytRUM,True,
91Qp8XUskXo,True,
92k_81uqMSM,True,
92QYLjfo68Q,True,
92sRFZvCnWo,True,
940MNbCeobw,True,
95ThRxhl-ug,True,
98YBS2tdpdU,True,
99ZgIQwLC60,True,
9A4VNkMdwhk,True,
9aE33JEIGOg,True,
9A_OmOetiuw,True,
9BHvpWP2V9Y,True,
9Cfs00bZRCg,True,
9CJu43AvIds,True,
9cojCCMSABc,True,
9dBWFEpcJIo,True,
9DCJTAzUwNc,True,
9dx9IhSqwC4,True,
9EUXyEQZqLo,True,
9FLDpfkbxZs,True,
9gCeNCnWZhE,True,
9gkppwB5CXA,True,
9GRNQKSsbvU,True,
9gSOOPDuD4Y,True,
9hCnEfZFZ04,True,
9HQNvz4eZPU,True,
9IdAIIywBfY,True,
9Ijpv6e57a4,True,
9InBmD_Miek,True,
9iYxf1hS4Yk,True,
9jeEfi6nDak,True,
9JeN1ld-3fY,True,
9JlifkCmUOk,True,
9K8EePrEDdo,True,
9KK6rg03bC8,True,
9kt7rsziUVQ,True,
9Kut4r8hswE,True,
9L6ePkWtZI4,True,
9Lst8RagMYs,True,
9m0tNvskmTc,True,
9M4IT3lOU10,True,
9mIDP_OT1uM,True,
9mqA4YdX444,True,
9NJEKpPeWpE,True,
9nVpyqfyBSE,True,
9ogEGxsJcSY,True,
9ohu45KlgYA,True,
9oiSwXk8Nsk,True,
9PMoI31ncIs,True,
9PQZSLa_A8A,True,
9Qd6AdTq3Ls,True,
9QEm6u4bowQ,True,
9Qle4fgMbzk,True,
9QwaP-cvdeU,True,
9QYo50tFm6w,True,
9r01cpNx2vk,True,
9rgB0wKU1-g,True,
9Rx57dlJtIA,True,
9STauy5DsC8,True,
9TkW1M_ZRr0,True,
9Tl2l3bsLpE,True,
9UCLvFqkFxk,True,
9UD7qz7DuVY,True,
9UOPRQhNzQ8,True,
9uToez74x_M,True,
9vbsI9xFuo8,True,
9VE1-3q27Qg,True,
9WrIbJC_C7A,True,
9WzzYYWpeyA,True,
9x7jWb4lE7c,True,
9xV0nmojVeg,True,
9Y8NR6nDxjk,True,
9YnYlDFKn-U,True,
9z4YXc9rjTo,True,
9Z6Q0X60rmo,True,
9ZAmdxKLnhs,True,
9ziKfjHWqZ0,True,
9ZilD_4pi7E,True,
9ZinCW4jTeE,True,
9zmQwBUFwd4,True,
9ZryMX2UtAo,True,
9ZUzftiN2uw,True,
9zW-E0XdWdw,True,
9ZWmZdgrE78,True,
A-7dmBdsFXc,True,
A-oSBMP-Zy4,True,
A0XXmVts1y0,True,
A2NtJ12KIuU,True,
A2pgKzeDRqg,True,
A2WdjyKQ57A,True,
A3vsvL-Yx0Q,True,
A446kjocnCg,True,
A4jSRfZ6yd0,True,
A4vwbziwPm8,True,
A5fPSkTvjmY,True,
A6HJBIU1rD0,True,
A6ilKRqIDH4,True,
A7RgbrJYe_s,True,
A8b-0yWXBCE,True,
A8CJ4YSsUgs,True,
A8P5zzHCjJw,True,
A9ECxUIqw6s,True,
AaajkQEU3A0,True,
AAFsg91kje4,True,
AagemOzvoZE,True,
Aak-VLHtFPM,True,
AAoqx07aTRI,True,
AAP5pAB-4jM,True,
AareFwTIg1s,True,
AaVUuKl8294,True,
AAWe4zRLVVU,True,
ABr4Q_ecoPw,True,
ABSLnckbB8w,True,
ABVYSaLu_VM,True,
ABWE9tjTvuI,True,
Ac4M-EkdkDs,True,
AcX1B_Pr-RQ,True,
AcX6rAwFTiY,True,
AD3aI9avJ8Q,True,
AD5Tc2TDCmM,True,
Ade0UZnb6dw,True,
ADffHhHMtjU,True,
ADPSmeFofpo,True,
AdxKsUW2mAo,True,
ADxuhHNZVCc,True,
Ae8o_FMI0Xs,True,
AeDNy6Ff7VE,True,
AElgGuUSSKE,True,
AEwkS57P4eE,True,
AeXDtbfpQlQ,True,
AEyeITzfPa0,True,
AF7sah5a_DE,True,
AFwmMFq_xlc,True,
AFwtBviVhhM,True,
AgCSBCsHkMk,True,
AgJH6Ul1EFg,True,
AGNqX_OL-dU,True,
AGsMCWB1tTk,True,
AgtY6m-b3Gk,True,
AgVUGzrzJ20,True,
AH6Xnyj6Ykc,True,
AHmcuClSTL4,True,
AHrUfa2H_5s,True,
AI9P6HoiJy8,True,
AiGGDpbgp6I,True,
Ail32Z1T4QM,True,
AJeRSlZuZbk,True,
AJj6GGLaIfI,True,
AjjQqd0eLzw,True,
AjLuenrAsbE,True,
AjLX_1rBDPM,True,
AJROvxlmo40,True,
AJTU5RhF3S4,True,
AJw-x30L46E,True,
AkbCw7oVkw0,True,
Akg1n9IWSrw,True,
AkHaDKuiE_s,True,
AKI0VrXEDww,True,
Aky0DF507fw,True,
ALcCb2HJmG8,True,
ALU-1AILj1c,True,
AlVr7-ntuqw,True,
ALVS3Q_jNaU,True,
Al_OdIuqoe0,True,
AmAThmRphk0,True,
An-4jPvUT14,True,
ANaaOqwO0Uo,True,
AnErEDywInE,True,
AnMR6SOBa9k,True,
AobHGHJSd-s,True,
AOgbZUl0y0A,True,
ApDJYsi9UGg,True,
APSbmhJam74,True,
APTh9uhf7WQ,True,
APUDprnfOIs,True,
AqSV_WKZxEc,True,
Aro-HcWNsHI,True,
Arqvnp6yUCg,True,
ARXTRdKCupM,True,
ASgLbz48BaY,True,
AsR5us-IS00,True,
At5v5ZZQHmw,True,
ATDi-irUEWc,True,
AtWf5OAE8aM,True,
AT_076RUWPs,True,
AU1l1i0H0j0,True,
AuG9i5cwGW0,True,
AUNK8dJzjLo,True,
AUPmWhim37Y,True,
AUs5OVYg078,True,
AuvFmMpgj70,True,
AuwwPMrH5sE,True,
AuZNuyR2OJs,True,
AVG-Wmdd2yU,True,
AVJ-NxMmF6E,True,
AVmJF1uaRuE,True,
AVogdV8khxc,True,
AVPm96vrUQw,True,
AVsNJgR_K6w,True,
AVuh8-CucrE,True,
AVVfOYSmexM,True,
Aw2ctwyhe28,True,
AwcuLXAPFDs,True,
AYln23c8g6w,True,
AYOlvoM5bjY,True,
AY_yCk4eTTI,True,
AzGtPHlrlzU,True,
AzhfZ8rNhRk,True,
AzsBSUmhl1M,True,
AZsupJ68Hp0,True,
AzWIKyRnhG8,True,
A_NkQM85g6Q,True,
A_oaLt-n4fQ,True,
A_Yd5huF2Pg,True,
B-1QW7g81gA,True,
B00nfVc4FPI,True,
B1beLwV4yzw,True,
B1ixRtiUJ-U,True,
B1va1NqaA4o,True,
B1vY7kxQ9Xg,True,
B2yLFcmZ51I,True,
B32m9Jqqrpo,True,
B3lq6U4PDZo,True,
B3WaJ_3M0vw,True,
